00438324da7370c9c1aa5b0cd71fa38d404812b6.png,
00489b31d7e873ca39fe115b02373c99a6eea1f9.png,
00862fa2044b987c9025e1bcd01bc7968358165c.png,
008ff1ddda23429cdd018060c644edb62a1cc29d.png,
00a96da3e950ee1aac935234c3d3b47b6f5c4286.png,
00aa6e42855f5994348089476696bd6794a5e0e9.png,
00ad97c5ccc362c6ddaca7b427f706b4b705648a.png,
00cb976906413ba2d07c36e640f2d24196238607.png,
00d0303d20ecbdd3cb47d2e5382cb042cce442cb.png,
00d0a1cdd8f7695b8eee8b7abf167d7e00e27338.png,
00dfc3d355597f11b90e9428a550bd413783fec6.png,
011018da83f2b0736404f7e28be5ea9eb5cf387e.png,
0119333d031a99f6ff0000e32280827ccefcae96.png,
013aadb9eb384db70c3ec213f685793e9c6f389c.png,
017e076f502661f29e63bedd0229ba24b6d0c932.png,
017f725ea17a8b8aae2e1153ec74d0cf07686482.png,
01ad8c142dedefe287c30b1a02f8fc9b1f10b5f1.png,
01ded6474562481746aa420fe7a6131faad10d80.png,
01e364a76a5e460af2815b5037458c58e8f94ef2.png,
01ed3b841a8d4f7be864584692f363ff3f0d5279.png,
021f15282962862d5f7411b74cee3e027118c0f3.png,
023456311f0df40bb043833f804e86fe4852c5a8.png,
0261d5d00de1bed8c7d2fb81308d5ec832f07cad.png,
02693494614904c27a046cc1a21ab7c6016d1b9a.png,
02a767f546a01113433ec47f5d826b3fffcab257.png,
02aae6ed5fce5a62634bfa3e5e6903e7928887f0.png,
031e1f5d1c2fe21a813201d3699d33c5459a3372.png,
036a84ad169f36725d2b456f60c21efdb83ab3e2.png,
036f31bfd2dc63a9a5b91d32ab83f9189def0860.png,
03847ce90f3f59cb501ef74a84bdcec1644e100b.png,
0388300a4b8978e626894ca9b84bd04086f04c68.png,
0394ed02653a490084228ab225244b59b2a5b7d0.png,
0397ae70d78b4a046a290b59dc528c2e36f8f7c7.png,
03aa07379fdb1f04ece605694c9596304fb1b72b.png,
03b5b2abc5189c6e98ea99e7247d34816727e6b3.png,
03ca7e89d38394749847dc574f948fc632b81d52.png,
03e15ca98da13dd8ca1ad705d6410b32ee48c46f.png,
03ed26454328a9f7df04849b4bec146410eeb8df.png,
0462098f9ffcbe28ca7e87da7ac52a2530ca566e.png,
046a28a9ee072f3bf5ffb5be0be2af6aa13a02dd.png,
04a0811e3a41782de141c5e9fc9fee4155c1bb7f.png,
04a9112309ffea95ac8d67bf1ba3fe9f5c820a23.png,
04b5b79d875ce572e9da7dba4ab4dafd04ae8534.png,
050c98570e5e5b6beb32c8af4b1c29d28c3a01d3.png,
050e4396fa14d6009e20328e349e85d75f7221e0.png,
05258ec73b807b77134e1da811ebce1120a332e8.png,
0533aa90844addd68e37b1fba7125cbcbe88155c.png,
0559053094bce7ba0da223986611c60e2d8d6e7a.png,
05683609647550efb9d0089bb0ee6208800ee37a.png,
0571a105932ebd7b0a1def10194e59026029945f.png,
05787c5bc877cc665438af36d86bbcf8dbaad919.png,
059ffed4ff31c5bd2fb5a36407d3efd4fe801ab2.png,
05dc3e5e60f4f8bdac2f1433b07824641b5625bb.png,
05e4f3c9bdd90b47b06031664f1ca0b83913b73c.png,
05f10d8298ea686fb064aeebc9414d349185433b.png,
05fa2958c234065ead19c1165ba9659a23938f06.png,
0610f39a1dd67ae58d70569198ebb1d72328e939.png,
064603503937c237f2ba0f325e0d7fa0d75d35cb.png,
064c36fa90b1f5a24374e0eab9dc73ef323676d9.png,
066013771ddbe2c368bae5ca04bc1ea856379c1c.png,
06643026bed6356b27c0e6fa89f4685776b0994e.png,
0675865ab3e6a5d986bfaec60cfcb9d748717ad0.png,
067c8b385542d4fdbe1e4b72e71bb362392521af.png,
069f1f36cea9fe88751d071e6feced3d0e8290bd.png,
06a81d8ef5312f5e7a7ff77e18d37f93596ae3da.png,
06d98627a734db2bf6c9786fbc4ba8651abd4a48.png,
06f6e6190e9f7d23cb32376b7b6871278c51c9a6.png,
0703514ce34eba9d439b85170919928299d6971f.png,
070b2d65ddf18b6f5ab4c9be9a034c569333c525.png,
073b91ee73158dc71c025752a3c8bac3ea56fa9d.png,
0755cda7c620a3888ab876281fbf2806e49b7f16.png,
0794756a593ddf4ad0cf6d30b81e5d8fa577cd14.png,
079b33a98290c660a1d079179543e32117ea5e41.png,
07c91060e6511d923942002f1ba91de5cfbfb2b2.png,
07d1709811e508ee36743cab5e900b0cacbb54ae.png,
07d43a7e809cbabb894903447a6a5e88e29c459c.png,
0814a155695fc315b6fd4dc3d94327a27ce60db0.png,
082095986831cea3ff5add141aeb2f3f0fc2ae7a.png,
082d0521367d17545e4541d1f08de29f58f5ed40.png,
083bcad152aa306c02e6143821bc4d951a65dfc3.png,
086f86541107679bb754eec16e94d4e9c13b4b68.png,
08a0eafc088d850f163f776c4865164b68f963b9.png,
08d9a0d9998ebc82e08468b9c73a0e4b578b4461.png,
08df5a4cb7d4d5bd8710c721eb8be0187451f29c.png,
08fb3e42bbae9cc6d26c22717a5b392e9dac565e.png,
09104f63fdb7f1dfde157f7cbad9989a1fdf78df.png,
0931e88c159fa240b63dc6298ce0c1e9bdf48d80.png,
093591bf4d66dc37013d1dfb15f49e6d659503a7.png,
093609559ca600913d57d48a1bff5fa267aed7e3.png,
0971e1778f0a95bdeede69f36097a197d021e780.png,
09b1c8cc575e5989af6b4f10a35b89d2af6bb206.png,
09bebf37a8e3a4c511be07d57c31b8d4aadb9cb8.png,
09d9b2b0bbc0373aeee66b9c0b746c2e2fb08613.png,
09e0f378dc9c50a40d55f2c6a9f836a6a683c988.png,
0a1195e1dfa0fbef366c0d6629db89ae629cb36b.png,
0a2351b7a36eb19b84e5284ba2d35aa5e0832d6b.png,
0a23853a96a3d4cd6bd44212c1978376f4f34222.png,
0a2caaea735e00b9085939f73500f0c21a14e379.png,
0a91aac8523c2526a955e724f2ad91d236df1fcb.png,
0a9a4ce08ac1ebefd598a16b6bfdfa0b8fdfc88c.png,
0aa095615cc14fcc389d398d2bb9606a2a187a75.png,
0aad64aea0c03782f6b9f62b760d16d7d752c801.png,
0adedbb3e45a208c9fe797a5ec9723cb8a1929b0.png,
0aecfceed8a40d4ccbeb4a422c5252c474aeb631.png,
0af73b02001b8daf4c1a7a44d45270d37de2560f.png,
0b0003240af50912859b3623d3095b4f9235ada2.png,
0b1fda47d3d3a4db83adc2d6cddf5192aae0d7fd.png,
0b2e44d89cbf117b58df8d732679bf2c5b2512ed.png,
0b3e8839d244117a8aee2de3bbb2662eed547cc6.png,
0b51dafd7b7f5cab721cae919fc0b99ea3deb6e4.png,
0bd4a0255842d7892ba4c925551fdbe6376fe232.png,
0bfb03d4830fb37a440e019e86b26ecd2242e8c0.png,
0c5ae29564c1c93fab0748d178f66a87766d25f8.png,
0cd4860d4b0eaf07610e4d244240872a714d55ea.png,
0d1a8fdfc4a6de56fd3215a4c35df6dff23a62a6.png,
0d252bebafe7c28c130e613c79a95dfa188f5e1c.png,
0d32032217bf455de1363d704af8b3468553fb7c.png,
0d9ac4515ed1c9f9be64943dbbc592346047ad74.png,
0dc5667028f776404678139311f63f39da846469.png,
0dd0603c88cb66bb631baf361d773d35da8eec04.png,
0dfb5e13862ae9bf72fe16ac7f857927f2f0058b.png,
0e07e3bb3853b1a66971508fdb1f20537bd372c7.png,
0e11345188cbca70200dcc623ad4b8cf3df33a9b.png,
0e32d7e4875ad280111a5d1250100da3900eb12b.png,
0e3452fa8f8708e969a79fb8fd6f673fe80c8fb8.png,
0e8c6272664806304b756c1eef1fbae213a69d0b.png,
0e99698872bd22ef0cdf4a5d70c269db547f89a1.png,
0ecc65d10fdb4acd774d4b61da81716efeaab374.png,
0ef1d954023729f95370f95d36f5606f3bbaa328.png,
0f0316f1814159249c0afa12bcc093c2b1a35404.png,
0f032e9a372bf6f89d02a39d951e6611286696ba.png,
0f086762c943f8b54b9d13e27266404d8bdc2a8b.png,
0f2dad1187097b06c5445fa427796344276fac3c.png,
0f489405402958ab52b1f9ed3b594090ae9c5b40.png,
0f48948d0043433186f500e3e809860e7cab8b56.png,
0f79187aeeb87f9738bde67ea1409755294ef7da.png,
0fbf1016ce6c8aa053be45bd52ba401f48a4a68e.png,
0fcd1eb85a9d04ab4d56c6fe0935d619d1d36ab6.png,
100e73cdd88f6ca9fea41a3481e23d796bb710c6.png,
11168450fbf8e616a9f02503cdacca427ccee8e6.png,
111827c828a2dff8ddca60ebdcc76b13316df685.png,
112a2c1b3199826982530051f485b7a5b61cb600.png,
113fbfb24e6f7790f0c70894b187e625e3261f71.png,
1160bbd99c206c4e0304f9de6181237bcbd7ab66.png,
117951986e1f93cf7f6014ceddcec3c77938ffd5.png,
1184c10f716da99d6f70cbd97af2a42434166a48.png,
11b903817c1eb54d6e190b9fdfa236b896bdb6a6.png,
11c7ad1ed6a66b919b106dc5a44f49cb4e0ac861.png,
11cc29ee59e6589ad5c7d98651b662085e7876d7.png,
11fd68fe4a7c292927e38c11d199266f16e903d1.png,
1221ae60adaea6c735d3d81cecc1a8b1929e7881.png,
12860aee679bd3bbce10d50f246a0c9426995b60.png,
1290aad9d0adad6c191a66800bda7b9ce1345e1b.png,
12f8c805d52176c01e79eaa42d47909c2fe13522.png,
1303776dcd39c6ff9438f3d9615d861ca656f089.png,
1314162d295e38a9a88e2d95b11ae62603b59b75.png,
131747366f7a0d1e8da13b961b2ea95ddb38f09d.png,
1329327c34d6a59edfcc853849ebed3510462df6.png,
138f1827b43cb71c0ee9463ed01b9ed1a6eb0fa3.png,
13bc9b7e5fdcac97ab6a43c585c0fa6ebbf533dd.png,
13d6686629d5a854236402521ccd9bda86e3afa8.png,
13ddb8d26c76493615d15687dc616aa00cd6fded.png,
13e300a5d432661dd6a084ca91fef961021c1979.png,
13edcf44c85c6235fa8d521c81b5c11c78a32c2d.png,
13f8e5f09a383e23d31053f85a653fcc5f59a275.png,
1424d1a7289e90fb34cef6a2cdf881b16d727a67.png,
14490a23a2ab501c067b684b95e3b910cea170ff.png,
144a32f109f0774df0f379bdff6541defac11c9c.png,
1450c3b685c122328e24a6dfe95cb9d42e44344d.png,
14c330e6e4f6086fa919d1716f9affc9320575fe.png,
14cd908879021c63614960f61cc1242fe919a085.png,
1553ee728e8378bc1f88888bd31bc9ad2be0e981.png,
156d9af9ad5334a6596d5622196ec64504d4ce1c.png,
1583c0fabdc696dda88d5f91705991ede4a4b3ed.png,
15866f0ac84d91bc7fcb4a3033e43589f140fd5a.png,
1589390b6ccfc89aa9add85f17193ac161808be2.png,
15b12747bf34cc625c03e701d16f9b7ef5166548.png,
15ceb012980da280ca0dfbb2fe3d1bd520badf4b.png,
15dfaaa7ff5b1553ea387fdc17c811a3fb4e87e4.png,
15e032a34a82fb4a02a4dbd552e6e26a6f98d87a.png,
1618cd1baf8828baed7f2fda3e951d8c93822591.png,
163024ef52d107d7d5227162477e3a83e2cfbbc4.png,
16409236597057bf41bbb4c520d455595e4c57ec.png,
1644b4692f9b5433275a881321a87bce2118795b.png,
165bab77e618d366aacba8972713c00fbb596307.png,
16782884499c5d87c276338a6f1229d572fae6fe.png,
1679a4f00de2b1f1fe8ae995bd62bc931393d2eb.png,
1696b5b3ca7cfc0ec2736b1c640ec12141f9c0f5.png,
16b5553f9e0811752b21028129e962b61da20580.png,
16c24f887a4c1e47956e0013e199524c5dfb20a1.png,
16ccba5cc4aa9e1ff4ca3837797b996c3e2fa051.png,
16cf22fe57b0333c7e2ab68b57aaccb031a43ab1.png,
17bbd88ed47827a982376ba879149ab73edac10b.png,
17e7400e40d44c3e98cd18785818a10491321c2e.png,
1807a2a960f664a4d98c6aa5033c17afe68f4b16.png,
186d6511c03f505a9592dda8632f48073b371eec.png,
1873f532cafeca513676b36e8f7ddcb7cd5e5fce.png,
18d14b8570b6845eaf51e346b0996d6dbc473966.png,
18deecb943cff52bff28b137fcdddbf9970ba7a7.png,
190ac45cddf975a4c0c9f3bccaf43420448c45f3.png,
191dfca056eb2e6982c56560e6a93b8cb7b50da0.png,
19518d77a171ab8cdd5d4110c143cf7e72ac98d2.png,
195de354665b9ae6675f147a06036198466e972b.png,
196830951005d7cd8a9b60320c6e17f3d3123662.png,
197d5c8ec4c9cf60acb8a551b6fafdd1324be5b2.png,
19ac955524bf92fb02eb5f8c12a7a2a435bbe85b.png,
19c06f69d603242c3254eac01fb1d0370b2779d1.png,
1a191e8211b1625e59ad6d115211ee2c2bfce098.png,
1a1dac8610dffa273bd99c3ca7228769261fef1f.png,
1a5a7c131442d90b363ec2d05a51cbdfa4f46cac.png,
1adf49e51b5fea07d3bd9fd65aaa7c20c9a6984a.png,
1af0766774c364307586ce0dd0427353d9bb30e0.png,
1b0022b2d9f89cc4001a49c3517d32c26b35279f.png,
1b0991c683cbec83f298ca9afa60cc127018ee82.png,
1b0a8c6a2c9fd93f77c97128d89964bc9e8a3743.png,
1b0da6ec9d67f90326d53bc68277b5d5e09cc6b2.png,
1b18e15fe007fea66ad2808066c2dcc26615e8e3.png,
1b2078a95e4dd661b724035d410d07b319cf06bf.png,
1b31c4f84e935c171987ecfbd3a5e5d29ea5b3c1.png,
1b5f1ea97acbe0704bf273cf321696f9fd6215fa.png,
1b77ead65e0950258c05e4bd75278ddda1bf7802.png,
1b7ee21dc911bb64f5d18796b12840ca815ccf01.png,
1c0061e2b6b0d427c48750157266c35613babfac.png,
1c04bbe47fd8e7865245c883f4cd36384ac1614f.png,
1c256452d81ce03637f0403dcfcd35731114bfa3.png,
1c4b2a82c22abe69468a038977989f05c13c5b2e.png,
1c5d24e5ee8503865ff4b871dee4f233ae05896a.png,
1c69d3ce6a25736f4f4964baf1395d73688b54e2.png,
1c73474eb621b956c6f6af12065d6920b1467eac.png,
1c8545bff98556bfad968168ad589389edd5f4f8.png,
1c8947bec3c75c2bba3ba333ab52e718f0cc21c4.png,
1c8dbc95feb8cd58966d632d7326a8c859fed759.png,
1c9496f0c904c65796ad3145e6926267f9e292b4.png,
1ca3d38951d19ee606c6436b12d5f7f05d649a14.png,
1ca5f79dbe7c929b42d5ee991421d66cdc4eaf01.png,
1d256829218794828627249f2a8b3056c5da77f1.png,
1d4881fa44109df59ff529fd191059977be2b811.png,
1d52ece44bbb3cb9bb7954b3187fcfc6d16a758f.png,
1d5e8e7994289aaaae10ed235f3c6bb14c4b4840.png,
1d69b6c5231130bf11978438031c1c426637ec90.png,
1d8ccfe73e7c307ad39c287dbbb05da5aa49dfa2.png,
1dae346f45faeaa18d4f841f655e25b2835241f3.png,
1db8af6c167819c296dcab6e657911800c77e4ad.png,
1dd0ddc31ff39efc3e7a51bd846b880391016452.png,
1ddd8623ee077c519c64372e605688d3ee4aaf93.png,
1dea6ab238b4188facfb2814a0d0cac9b4a3ef5d.png,
1e078a735a43d8c97e9aea94e0335a5d9faabf87.png,
1e26ef264fdb87402838924efd585767b40ab910.png,
1e2f8a97d8869447c5eb63d4677e3a51cdbd5778.png,
1e3d6e7c659ee8e85e69193b6aa04459e5f5d34d.png,
1e4cf46e2f5129c4d0eb9a7d7d9ca89cb81170ef.png,
1ea43b26773a0fb6037e98e3ffc6632a8524a17e.png,
1eb672b891f611612d5eee57d7ceff5362947853.png,
1ebbc6da15db5bd2f427993db96be43b55d0d98d.png,
1ec479beaaeab02d73a211f231c998b0ae7cab11.png,
1f37ff04b9bea3618849ae960c4d91bba86730bb.png,
1fa632b2c6678d43788e471c9fb561e0e55b7113.png,
1fbb4d61ac01a1b3d1cb0891ff1c837e95c43445.png,
1fe6d6b635848f74b8f95ac9afc8296be2ae804b.png,
1ff2506a175ee149df23784f3506848b95e32031.png,
1ff6ec73915c8773adc165ca0371d408af334767.png,
20093055ad1a48b4a87b1b1585c6f27b6dedbdc1.png,
2021ce6c1ccd9578171cba985af8dab4a038eb7b.png,
202b0789fa5586be7c81cad3efa32c3a41089edc.png,
204cfdd7636de95fc01d0df38b5e194c9d67d38a.png,
205fbbc7cc1e62fc7382dceb3520523932a5ad2c.png,
208510d839dcd4cbf125a9dec089999ab7c8d26e.png,
20bf47859ab00fc3b10113e4d11b3ad981563f04.png,
20cff6df188bba6ff6f73e462d43a599d7283976.png,
21082b3e69784ef8147270a7b1ba703d2b4c2e2f.png,
211614b6d6568a28e70cfbc30c5414e410f1552c.png,
2141a5c5540eb2d165770463bcab0bc8acfafc98.png,
219429f38d435848d9d2a9cee909dd89db454f1e.png,
21b631df497c7af227f69d891d9bab212aeb01c3.png,
21c4c90688203e24638e305892df3d81b644f5f1.png,
21dcab5aaf77cf89b0ed2454214ff82b036bac43.png,
21fc8e88b361fa9f1381baf4f0f57db9364ec68b.png,
220a9ab00263ad48311d3d0ad355e222baefd7a7.png,
22647c3ccf774982ca5e07bc659e4dab36acb6a1.png,
226c319ad2784d63e27111b5ca1160e744f7df63.png,
22733d74f6f0149f683cc4679433708d853a23e7.png,
227fb8d4ac8f7bd59ba8e52b7f273529da811988.png,
22c23dff1b5072464d08c53e043911d31545430e.png,
22d0e3063bd5228c29333a709b80f3a88e33838d.png,
22d985fa4097640c5f2c7ca28772c97834489cbb.png,
22eeffe371b0102c237556c43873dfaa9f232e1a.png,
232140bf5bb82ca59de81bdce383056a161cb75d.png,
2347f2f57a1e43a17250de477129fa8ebf86d382.png,
2398932f1bf29516d1b50c3252f36b60be216c4d.png,
23f99b5f9530d6e72385d258b073f5370e16c3bd.png,
23fc24466f9208e1d4325415a6e20945ad41cc46.png,
24173198f3ce9391009dfde6355a07caaf2975d8.png,
242b966e1910299910b9168ae8643e4711e89728.png,
2440e56c9ad455b466c2d6f985aba6ffd1b5cc79.png,
24459062ed3882747e6cb351e8cf8ca6b803aed1.png,
247e59f6ddcba46331add9b3d101a10e5eaca273.png,
24a7baf726dc17392a148d4020dd2bec618ccbb7.png,
24cef6cf57d507d0991a14d0acde4beb1367f26f.png,
24eb50d342e81ddca870a729a98d1d61a8a7672c.png,
24f30dd6d40ba23eb9b636aeaac9c1731cfe45d5.png,
2528d2c1da887b9e4949c39a2553b1ebfa7b13f6.png,
2561e76bdb42fc5febc31eca720c6fd820257d7b.png,
257c4aed3a036bc0e86cc612f588da4199a2b59b.png,
258e3ca0382ece987ee61adbd449afd5ef9d3f14.png,
25917fe5ff9f2902f22f6c7c8061fd0f62832fb1.png,
25a9f68bfd092e62f94b6a3229156a444729ed28.png,
25aeb29d2b603f16a59bbc025e6c16312b721025.png,
2646ae37c0957000340869105681226093b0a07d.png,
26e60a2a7bd6d0cf564d3a19359fe3ca1343eaa9.png,
271d3fd814428558d26788de9495249b82dd3c80.png,
274124e7952195425ec4a38ad1bbb66c70484c70.png,
275d94f29c4f5f5992e0e181b271aa71e21bc61c.png,
27756b17cfdd84c3a7eb0ac556f3be5a8a044581.png,
278ed97e5b971ee7ead0c4e392a983d4d3f8c63b.png,
2804accc2b6f1f6a8068e58ef0980e8b2cfa61dc.png,
28474a1762ad94f510b72f3fb58c1f91eedd533b.png,
2854673120322091a5b4ab93963cf661f839c83f.png,
287bb08d6a5acaa437e0a46085f7450fd74bc14c.png,
287f227e017a595ae3bad1df1a2cd124800500d9.png,
289f5743ef00af914f4164476050faf5a8dec8f8.png,
2928a0889bc376147f6d5796dc8f64757ae4311f.png,
292b7f1a92cb53be328582b584e6dbf6dfd233d7.png,
2943b89393133ed3ca1d29c987ebbf87402f2e7d.png,
2978df4a03f9e2bd5535af1d652735feec918298.png,
29a37481d874b35539f8e896f197a17a172d468f.png,
29f12d40d7a5eeb2c234e09dc03244769ea4646d.png,
29f27384fcdd7aca17ffd2e9ff7d83dbefb1b95f.png,
29f58f41ebde91c75751494ddd120e5e59f578e1.png,
2a399cb4a3c2ec003ef979281a7d9d3fdbea32d3.png,
2a572537db7532f22446380fd11e4298085c48b0.png,
2a77ae8c3a0376f9e58920b11b981b74787ea387.png,
2a97eefa55b4d662474ee4e49396ce7373a5861a.png,
2adc061fcd05438529f1daa9ae49219bcf6d80b6.png,
2b08bb80ed98ff5fb696c1170dadfbb92c294f39.png,
2b1bafe78ad5f5ec6f60f9c7f30df2cdf9c9bb70.png,
2b24b60fb7294df02254f543ad014022a3517235.png,
2b2c92b8300b21578009e9dc9f32c339924a443b.png,
2b3d4394798963b8a3bf352c938773aa25e52ac4.png,
2b5ea83d9244042c6dd227d475d37f2db95d432c.png,
2b6d990b794d3009b3188a33d9e4455bbd18e2f8.png,
2b6fc18d81a968b3cebdccdc9752cee3cf3dbb2f.png,
2ba9cc909008291c584d65dfd5b06a5e24ef24f2.png,
2bacbeae85ea28db1332cace927cfea1d4fad5e3.png,
2bb2fc7a1a22a870b7ea72f571b1d322ec896c5d.png,
2bba2884c1cfda2e7e2ed941ffd192b40e6b8ecc.png,
2bcb7b48f7f31c289c3dd9466786c3bd737a56a1.png,
2bd10fea19b53777226738f51ee97b79cc1e061d.png,
2bdc1b0e7a5315998166e9998ceb0032aa94e410.png,
2be48a3cd9b6a68093a0da93485bdf1faf99f6dc.png,
2bf89de9cb748e1e8b2fbed880630505576edec7.png,
2c02e188118bf711644679d5e99a5048b3681ac0.png,
2c38688f66d51693ca6755d3dcd46a726dbf775a.png,
2c47093d0559b2cb45578ea1fa2030d9d86c568f.png,
2c756f7ee1010777a603907b40e3e77844f9a323.png,
2c85d6dbf601d885e14974f4097090394d33ed99.png,
2cad9384afb1109fca15d842977317771b17cab0.png,
2ccffcf66a1ad07defd99525135e4520db998dbc.png,
2ce136cd740fb3cfe44d1d3d44d65666b0b76beb.png,
2cf623a0f1eb75d8fff8f89387130bfff4024dac.png,
2d1cef7206befc37f1475617138546bd2e4121d3.png,
2d6d1e7191eaa867771d2afc5306d13e7eb46992.png,
2d7112697267b83eaf12f7edee5f957694a4c61b.png,
2d961aaadb1e9a987adb61eb72d5d0255d39f3ee.png,
2da6953fe2ccf5cb6bd7d419a5d98585b0122df3.png,
2e27b3282176cce445a23b2d5f092c877116e947.png,
2e2b7b5fe3b199191ef34fc417b8927dfef1c682.png,
2e396cd3027e62b51a5e805021686f840fa31db0.png,
2e3cd75167a6ce43926154b1dd6ff9b483590daf.png,
2e4fd8920a04eae3751e75c6d6276f18e447236e.png,
2ee1fb179c0e1e4a8f94431708a1b566cdf4caf6.png,
2f16c0e059fa722c81db03574e337ba88bf378c8.png,
2f366f794ccb6dd8e322f4ed73b844d2cd28128d.png,
2f55842cd0518a11b56d8e98db3b22d992473a65.png,
2f561f5f7cd857ae513fb7a4347bacb52b20c55e.png,
2f5e8751df7f6d906faafc55349ddeb2346c8d1a.png,
2f9f9c31dd0265865ebe4945f82784f185132744.png,
2fb8c9569561adf35a074822a977a3e74656c298.png,
2fc71a02c7b40737e6c434b38e38a54b628535fd.png,
2fe6c3e68213792da7aa68847e8093b72893dfdf.png,
2ff171f8e2425d015b457bc6a272c5b682ab3f56.png,
3022ef07c380b13c376f1b0ec7659332a4363bc8.png,
3026d6deb02c17c18d13d722ad4ec52c846ee368.png,
302ccbc46f935a7552ca759b72a6a30c36fcb626.png,
302f9fafedb94d18a9c70da002ff8a75d628079b.png,
3048280a006cc9a1f4c39be46b4828672f63a9aa.png,
3053feb9f03dbc8eb258c5c5d71b162f965e34b2.png,
30657b453ef63e3124ba877cb4dda832d2b6a0a3.png,
30b4fd04ca79058a65804ea85e161b6f4db01fc3.png,
30c94f3a4c48c54633beba97bca501a3e7f15db5.png,
311ca85092cb393d0489a4bfb6df6d2f197a1f1b.png,
311f278ec650e708fa321eac8d75b04f63352ccf.png,
314cbd001b1ea8af70e7b427c2f3210367355880.png,
315cd3d1fccc28d26f21a33511c392fd02747e31.png,
315f28565f3e84b065ff14b25d1ded0eed690cf7.png,
317698fd3b48f284722d5516d63aad146f25c460.png,
31828ae9dfb3f0e42373c53c9cd6c666762bf27f.png,
31a08414c77bffe34e26c45f889af85f0622a45b.png,
31b4a09c4f888436f6e4f492664c91754ed8a636.png,
31c4fd7b22ac439a568149b6ac652187519b4032.png,
31d7e2f9ddde7fed4b887a1c4418095063b5a895.png,
31f335c3d5eb949a74a2f506a7449d36b39ee044.png,
31fbf5816a17fb9f02e1549347da51034a1dda69.png,
3220d5b7aa71cb71c55044331c5c69e1b969c877.png,
323712f95f000be2d4d18a3503f64302eecfd488.png,
324ae3b4b55a5f1ce21f6d493b950ce7d00dd723.png,
324c1c10b5ff8eee34106fa2f1fc5b3286850372.png,
3297bc5d8373fd74aedf56f2dff230394d640d26.png,
32c4a6c9437d75ab0dcc4567d9dae0c7d1ceff56.png,
32ca51c71483bd12bc6b48a4e432f048ee72f3f0.png,
334011055a554c9d35da2ccaaced712c82eddc6f.png,
335f284fe302cc495de3a7dcc70f2aab6eec025c.png,
338248fcbb28d469342b306d5ff5ec1e6a0cc1c6.png,
33a9bf3ad32cf38d2c316ad9848799fac44866b6.png,
33de3810a6600a254c0db3c9a35cc0c65e274193.png,
33e4c712a0155fe89259171bd6ca25e40b645994.png,
34a099026d0550f7796f6e5297110af63e0c8aac.png,
34b5cf22b56917523d0dd8d09c51451ce720b5fa.png,
34d9c6dbb5832d9c315dec7aa42f39e69edc4ccf.png,
35480df0ef5b948014ae68d0912a95d95333f965.png,
358b4697d477fa59120bcf8fb92a7ba1a60fbb79.png,
35933a01fd8d486c03213de3dd168faa1d83ab6d.png,
35bd9021a8744653983e3f7bec30979c382b0907.png,
35cbe7a77cbf6d560dc7d39743fecaa22a2904b8.png,
35d10a4658eaaa5b77e98613d11d56ccb108f353.png,
3605c3dc07094c904ffa1ae5710ed75d1e56a540.png,
365bd8a986f23fd8da7a9be243cbce5049de0d63.png,
36ba6a4fdfa9326a421ffe2abffb006d3e23bee0.png,
36bd9ebf01a2942269b93608f136a5a1b6f6fe7f.png,
36d9e1353f3822dc115aff9912568c50caa1e11c.png,
36ec2307e994eb9c7bab7d0a87ff1fbb690b990e.png,
372c9a84611c17f0f24ad4c905c3c08ac4d24692.png,
373d2f5a43a5ed57ad4ec94c8cfcabbc6b06392f.png,
374f47872edf5b71e2af9322e6dde76fa21b8b07.png,
3772952c35e75b51b36fc2a3f4410f4d5bbcf3a8.png,
37d724b1088c55ea9c4028e70cc1e9076d98b785.png,
37d76aa8545a424b128c65118cf5a6e9209c2ad8.png,
385086e602614c3c99d3794e21cf1654be7e26ce.png,
385f130864e5bd7c6541d1ddfaacb3289884f1a4.png,
38aeaa489f85f049946a487c08791a4e778b1d1e.png,
38b18575102925000c63b428fdfa34b51b54da8a.png,
38b88a789bac72c2905c22c4f900e04542fba48f.png,
38dac8d59b7b47bd77959855d3f1f6d407cff586.png,
3902a16af7c42a40f745e086de933ed8ea985079.png,
392d5b14cc9a3632046a6a3fa3939d3f6f45936a.png,
39317c15b9db5ebea74db22ee461009c2299d8d1.png,
394c8808403e5ac5702ddc584eb0f2689c4a93d4.png,
39575d2f4b090cce4883d9199e0f6bb85ef6ff8d.png,
396d70d75c86299790f3602f3e1893a3801c974b.png,
397bc48c852a5d224dd47d78eab10d4a99819299.png,
399933ff78cf81d2f4b530dd68e32992d665ba8d.png,
39cbb36a06df87e257be06a6bf2a9e8ecb6820d9.png,
3a049815dace4915019c61f7e65e68d605c5c2c1.png,
3a10facb27abaaef529545c86e35ea77a7eb81da.png,
3a120f491f80ffd8f06ee5de2a8ed77523dcfd84.png,
3a4cc84cfe5038940b99c295840c41c72bee8aab.png,
3a553e65abdd389db20ae5725914e85240f8ccf4.png,
3aa7f6114d5717c1a7a3ccd41404acaa7588b363.png,
3abfcca000ccdaa1e416e7da997828a71ac7192d.png,
3abffe2585b62cbd70ab5be73c0aaf832f38c4e2.png,
3aedb9a6bff82a25a0b5f1328aeea5ac7fbc5299.png,
3b3142d8666b435da85fcb04e54d448978d85449.png,
3b458ce552e05b4f91b1521a3b5ab770e2ba94cd.png,
3b4d101ae347d8cde043f6276cd840631d4084c2.png,
3bc96592b1df87f5a948d81d934f71f96f0787ad.png,
3bdc8e0943ad4b1f14804a440abc45ead4800f2b.png,
3bf1f92c2481cf27f3daac14551a2c9129bf074e.png,
3bfb220a53f939014f9432dbf6097dd1bf1586ef.png,
3c71ce02987dd4d755e442e7f1a2ae4cf5de1dda.png,
3c923a878f4686300eda1c97912065ee0ea43cd2.png,
3cc012d14054521ecc00ea75f3baa80f68aae708.png,
3cdf9881951a8d49f727349db864b8ccc093f3ba.png,
3d1c21392f1fba021ff43a9dcd732b7b44c218b4.png,
3d25c1b232cd1f7066e9b2934242e53e8a370dec.png,
3d2b6d7b15d5e5a9e5baa0e634c059c845cfe6de.png,
3d706b57bf19bcf30309dcadaad8b1ea4005c791.png,
3d7ededcd0a228bc9d885a394d5951cf03eb07fc.png,
3da52d960d038b15c543e97c0ea1c95fa6fdb960.png,
3dc005d1acafbb386d8d6a11e680cff0a33e5f47.png,
3dc6f8c46f6348c1dcb1530ae314c54a02618f7d.png,
3df5fe8b2157a01eca783ecf74e6db54d3ea3a8f.png,
3dfd6daefd613dbc09a2528e8963c1d837403ee5.png,
3e0afa212cdc7acd6e633637e0a19347dd2a5009.png,
3e30c763afeb190f52251db8c87f755db7affd0d.png,
3e500509f9f6405f0a3a45becae2748b46fe15b4.png,
3e52083650fe1651284b4caaa6e7f85f7ef47be0.png,
3e72240b7f84aad058b420f51864c2a4cbfc9d37.png,
3e8cf5752f88956e6b1b73e8cbd8be6ca34c4a07.png,
3ebdd84d65d2d2aff9a459831794ef91328ea3d3.png,
3ed48b0debdf2ad6b81e0e0cdd6ff518aa25ead7.png,
3f33c48c1f01acd5b17f531b01f3ecddf1d74bd2.png,
3f45013e1100b03e636abbb73954b99eee79bffc.png,
3fb8fef80184cf12a46bdff0444a7b9d974940a4.png,
3fc163359d35d72709053d152081fb087cd3252d.png,
3fe4a8432a795f98a08216ffc6fc9f6b50891ca7.png,
407f0226fee6567423e41f7ad48772fea16de9da.png,
4096bfc7b79e1263397e0d1d77f1a6aa08e96506.png,
40a7de7626e2b8d8b6a7c56c4070f821ffc8aec3.png,
40d480307187dfa94b8485964b84d0dc81cdb15a.png,
40f4040962ff51b82f06eff7de95975954031320.png,
414efa7d8494948d8e2520e00b7a4b1983b92a89.png,
417ab976f2f71b8ff837c13ca2be076db914f2ef.png,
419e0526399a86565838aa0632a3de308ec6031f.png,
41db24cd8102c19629adc98e32e7ae83f3718a0f.png,
42011ab896bdfeaa71a51da3fc9ea872d799156f.png,
42553cace8b6a93c078491e29d061ebb481ee611.png,
426c9173ab548e46838d99634d3740f84bae90c7.png,
4291b3bf9154f4777f99292e64a9ae075713eeb4.png,
42cfc0dae0e2642c2d02100c3cd19ba0882231f8.png,
42d48f3401e4b5f9aa33b8efb1f2767075033e69.png,
42da352120ee38f9c9cb12df2e1f899e352bc85c.png,
42deb85e370541c27a7691327b168966e92221ed.png,
432f3e455bb47ebd1e4fa7d22cfc81d6ff501a65.png,
433bdf72201f243f91203a6c1bcf0eacc4e95668.png,
433d8ba25e12ee2ca7ed5f8d2b620a7f6405a727.png,
4352856a2dc2ae310f139bb7d955da18233a8d06.png,
4352c8423c6db7e6fdf882d78865427e3ce40975.png,
43c2355d556c06c0178aecdf2b95a659bdc0b010.png,
43cecef50a90c3043f704f39f4d1ed9f42b80285.png,
43d1d67a0c10088c4fc3ef29a0ad473cda8ffc93.png,
43ff1c26b6ccd6676bae6b23794823f9eae2eb6f.png,
4428d7b5f188cbc5e89fbe50abfbbe2c31a63b15.png,
4475e2b4861aec375936d1f2964caa1ba8038eaf.png,
448067a99cedac5185fc1a032d815ff0e25125da.png,
44a4c59792d93ef1b4a12a092a2b38078747b1e7.png,
44ad5bdea7f94dcd899dfcdd5a3f97e62d3f7ff1.png,
44c6dde752087a7050822b4d8da8526f176001bf.png,
44d4f4ef05039e781f5f674a47c6555ca409ec07.png,
44dd94fd73f4bf0608e900e9b057eb81082029bd.png,
44f07af91fe9ef2d34b71bc4a969febfa529e66b.png,
452c9e30e377cc08b7ffbdc411f3b92b2dd23600.png,
456b153b56a1c83deff30dbf9b7bf2f0c9c019e6.png,
457c530689f6d7f0957eb7b660d745107cd82220.png,
458478cba6c398950d729c0e025e25169d0438a5.png,
46004323719524d375a18e888626ff0699103c88.png,
462ec175d8bbad90e8a76a7b65586ce56c09c339.png,
464175dd9c396c630ef142032f94cb5747beda63.png,
4656cbbe062a4b55b7dde1b449c33180d0f5bc7c.png,
46fca508ea945cb5344a74ed90b5085f7f632849.png,
472be2ac7d4d8b1b0b23cb218ee792a6d8adcec2.png,
47619031bf129e76a5cc43cf889dad41d859f801.png,
477d08dac8b25aeb8f2edd3f74dbad82f97bb17d.png,
47d1e194ce12ec58c7b0ad12a51e2fa84cbe8dfe.png,
47e334467422106db01c2a652bf559a1263ed096.png,
47f4fe81392281bd2c04ec4db2a2074977e907b2.png,
481c5709a7ee32e77ca30c9ffc22ef94e0b7263a.png,
4821c7ae141e58b0f389f0b040f578111a4090b7.png,
4822a2aabc615a5ef13b195a0e625941ae91bd60.png,
482d5f679aa0ddcf36ff5851f71ea20494201354.png,
48396cbf250db59922cee1bede42973b3a7d0bb5.png,
486c5ceab86b5d542422eddc594477fcd0db4ff1.png,
486d8f60f5c883deb872285b1f384831d5435b7b.png,
489a8323c82abb317e1509cacc6c32c6c0d3a66b.png,
48d292a23d6a2eadfdbec94a0ba2fb0377bb9bec.png,
48dd6df140b5849fcf4088c251b3f9a18201f918.png,
4901918f2a8ebd3b1266b003c6bf0e1d69fa6a5c.png,
491142149b5f8c30e2498927b894a83c2d344589.png,
491a753774df09c8e97ed98952e3a3a4f5257142.png,
4926e2f8d6960e3be1da64456e5799395d2d32ac.png,
4951285ad4d8d3b4eea323973306d3de2e2acabf.png,
497ac2f50b54b99af131ced50e8a66239862b11e.png,
49ace41b8bcea6fc814cbbba206cdf69067597f4.png,
4a0c0375373a0aebb06d5255b29d5eabe75ab3f7.png,
4a249ca42645ed5067d5ec2dbcab035aa2994c35.png,
4a38791c5121967a84897bede5984ad1b856bba7.png,
4a39d1a0453ada204b84f13719963a2b9f1f87e6.png,
4a4470017ddbfd13373f8c880e1bd74d581d137f.png,
4a5d6442da1dede79ff7d999bd08b0ff216c0dff.png,
4a85041d45c88a4f9cacb38dc9cbc01a7fca9ed6.png,
4af5c1d27c08e722df7d7d8fa1fa968f13a196a7.png,
4af7f3f71d4623896d797e72f4db26a6ac19ec71.png,
4b1305da8cb89a054adb26f5734b75a9bff2d6e2.png,
4b1d46d5b8a0900a568ec321193a5c5b4ecf1e64.png,
4b505cfdfb453cd2b61199542f07d41ea527c812.png,
4b77808b4f0f93f45d655f3f16e22b0a6d2059c4.png,
4bae37cc97b4ca3e23d952135a30399ad14993fc.png,
4bc7daed8e58dadc26191e0dc8bb76dc9c9c5398.png,
4bd304507a0194df2d7e25a17a385d84898c5ed3.png,
4bebbccff06dfe12acf5a33ab0aa7511b5468759.png,
4c412b8d31a2418cb38e2c4e3b5f3748d46bcdf1.png,
4c49bfec6db86eff9fad4eb1ae8c392c81238341.png,
4c4ca61c6b69af743b71cfdd7461a91ea99090bc.png,
4c5f853a783bf2135a9f7976cd54eeb85b5ba364.png,
4c6493e0ee705e1c138aa473c7d4787538e37252.png,
4c74bdcb82b34760b0803ecd45b0a120c17680d8.png,
4c8f1b1c73e5e191e0f496e89ce078d41dac4627.png,
4c9b9f994423200635276c5091b9ab17936258d5.png,
4cb4afdcbb918b743c4b0201321a79abc1755169.png,
4cc9b46af7d30019423cb06a3f5e475499bf60cb.png,
4cca684edb9a65cad922c5837c5753948660702d.png,
4cf8f1f46938391dd7e8d4360daa5c83be3d5e1e.png,
4cfc15d7dcc2338b85a7f29611917f65b24de6db.png,
4d1d05b5a7c7d17f4beb65ee4883fa506778dbae.png,
4d22c027e03851d84e0b09599af34a4b784cb6d1.png,
4d2a2d74490eae8260f678f816bc8e0c7959f2c0.png,
4d47b3974f9cec897b79977efa60940c7a737124.png,
4d4d7c735830a3e39c044be79e4ac5b9e5b8e54e.png,
4d97d1fd0ab75fb5baafaf07889210aaa6af63d7.png,
4df291f0cad0e4d2ecd637f391bbc376dabb4d34.png,
4dfccfd65d8cdea813b863e11debee36beec4452.png,
4e28838fb8ab1fda1c687ae525368b076abd3ea4.png,
4e6b9cc237d1cd05e391a1e190865c6bdebd3c44.png,
4e728b2d12b424865790e652ceee37d7fdb370c9.png,
4e7baf6a044bb81c89da42bd103f957b3bfeadc9.png,
4e8383555ebbe59abed8a27942fafcdf61ca979c.png,
4eae63d5ccf07d6c3cf257798d9da330b23a30ec.png,
4ecd8176954969d5fd48566d4ca5c8c7e5700a1c.png,
4ece235e35bd94f2cddd2e2b755b7c79d34ad800.png,
4ef313684aae4cd45543e5f862eb207f2dd51432.png,
4ef41e81ccc63b9e362bc3b5e21f066cc8b39422.png,
4ef67761d61b4cac17ce2ee0255b5f082168465a.png,
4efe1a92bdfee8e9b655a2f3395a84157f291867.png,
4f85f5664554f65c8387e0d63cbfc9fe03cda658.png,
4fbe0ebeb0a3dd8c69b923006db3a9e0a7cdb5c9.png,
4fe1f4d7718fa99fafc01530630a609129b28793.png,
50134b0d5bf0ed48b08115a2850e24dad4d478a5.png,
503acc373f9f28bcfc8245ccdc4dad20edcb3d4d.png,
5051d4b5ce1d4f17afe4634555c0674c9cc0d959.png,
5057fd03d7bd19abee47bc187489eed023f315a5.png,
5060f4bf3449ddc238b168a1dce7bb9a6f0c223c.png,
50642103aea6b34bf11e6eae8b20eeb964789ba1.png,
5095c0f887380708405349d4919ae3caf21247fe.png,
50b14c5e1bbce6d8a0b304d04351bcbaab68306c.png,
50c70ac5b6a9f0249607161fb83c7e19be29e050.png,
50da22d84977aeea65ebea73393ee93659205640.png,
510d0208cab54a291155d9fbdd7e7f35bb3925ad.png,
51133e60a6780896680a8d67ea65f3345dea4975.png,
5133969a30baaa6a26b40963c57d4acde6e45fe8.png,
5134aadc07f0aac85d33117fabbeaf4ff43f244a.png,
5148670f3e10422a34932c0cdfb76daeb1905da2.png,
5156aa3096d1dbcdc44e5175992d13f6124c646b.png,
5156bfc05386e17ecfd9b1fc13b8751695d3d067.png,
517b57407b9895b6589da6c08965498887215eb8.png,
5182953a1d808fd4118c2c935f560e01dd209585.png,
51a671332d3c21617b1c55d970530a8c735012ea.png,
520c9c8e6f00c4215b9657745419da1cbeb5e645.png,
521481191154f663f855b640c7d9d0beecb66872.png,
5276b102c42b32359c2a34cac3804ddd45b9a490.png,
527833abf78198e12f7ba5a896c897236b26044d.png,
52b8f00fbb6fdcbd714ad1c8e0cc910359e38841.png,
52d5755953f3ad6e65b66a650be98752c35be8a8.png,
52e1972e0db724ccf52c3d566aaa3bccbe11ec6a.png,
52f253f92d9812ab348305a8bfddb55ce9542626.png,
531466cd648c18a27ba4100732d3731405895be9.png,
535bad6aea5187cc3a9a97cc352a01c0a6faa997.png,
53970ba43ef378f418a0631c2b3e81d5accb60b7.png,
53e21b31a7a282418d876d046ab92b90864b407e.png,
53ea061721332863136ef1d28828c26d2e12af94.png,
53f76032e857414caad2f2a06c210340309ae4ee.png,
53f97aa837cbcf3bb5402aeaedeac35dbaa6fe0a.png,
542728f813e89f139009fa54a8dedcdbac14ce0c.png,
5427466b805ea8af929ea50215c95a34cb3d2b9f.png,
542aba5968e69516f378de6a5c53803db03f08bb.png,
542be73e2daf729faf1371903c7d23d568422c5b.png,
54716937ca1d80f4306dbbbec2c3efa30af59e66.png,
547e84c91e134b183d102632e1a1978fc68446a2.png,
54ac82b9d6a32bd61bfe87629aa3d0959dfc593d.png,
54b80214265d4c18c9b9f35613fd3160a0fa879b.png,
54bcb19986054406b249919689977a41f2d65bdd.png,
54fbe8515ed6e51a7fa23188a1f41fb0331f1a86.png,
553eb92fd70cea3205c7ea62b9f40d8cc17f73c0.png,
557f86cd4aa271e259673d7f14984ee31d7e7e62.png,
55cf70329264aa8c6445aa9111c676df53253f30.png,
55f461f29a8d26f8dafc64ee220e54c9d9a6619c.png,
56303b5f973c104e1cd3303c3893f6cad466155c.png,
563568bb74ec937d40ffce21d0c3a347fb4bf0b0.png,
567867fc8ed5216b4e2c858e981cc4f85b9118a4.png,
567a9e74dabcb82dad8aceadb7a888894d8f585e.png,
56aa5e608b968354603e11f6b34880e77ca0300d.png,
56af77727fd41f238899c55cf7cf03d75ea84a6c.png,
56d85729870aec6d743ef3b31d65c35f07163f15.png,
56ebdddaf20ab1bfd597bad20c37ae2ff0f74940.png,
5707703c027c993c350a15cc9fca078a6298dcc8.png,
570c379a48daf21bf99503911747aa8a69889e94.png,
572254520508c97123f153b5b074f2341cba7b29.png,
575b83bc6b66413c13c3bd86ba36485c5660d6ac.png,
5767132479379ff030fe814fd933fe80d0d58370.png,
57679b9204918d38026d8f821ae3ce9368f4ff78.png,
5796d3aa0714db6262f37ba9bc8f4a19bfa39768.png,
57c074bffdc034a33874c82a903fcc2c27f930df.png,
57f13e716bd22c2c91e6e79bc273395ab5a4da35.png,
58106db69430a64e385a389bc634ddbc1eb293ef.png,
582459784f0fbc5f599b26295720433b2ef53c43.png,
582a29352976ea7d9cdd0bd91749c242bec37eeb.png,
5848355a27f6f7486ea80b78f816ac3088225df9.png,
586d868f3bc0173479145cc85a0c8d7031294cc1.png,
5875fc594fb7bba2257e28a12a48ed309acd7a7e.png,
58a10e0769830aaa681ab4422bd4fe58e539cf73.png,
58e3f54940fb3355eb3366a96e6d1636d8f0aac5.png,
58fd7f23c2465d0ece19d50d71d2b396040ec2d6.png,
59014dad64c61703d4fb46de7ab54db2286e1474.png,
590c2ea48206a3fa0159d721fa390bc45916e2f9.png,
590ec76a1df696f75680dd719f492e88956ecde7.png,
59133ceb38690294f1105e125471d673be8442af.png,
593bb667aef9bb6d175f70fea80c769cee71ce98.png,
59457e380a47da8a693d2bee9dc9c0e8b008f694.png,
5945ddeca62715062b1fcba1d5b89a20f95c3d06.png,
597bc48c152f1b724315829b55fc28842d53bd3d.png,
59c18bc70296c63928d6a4cb35016c20a5817459.png,
59c2257e8ddd2f617faabeb8a8ebc1d2ca0dcd1a.png,
59c6440b9be4545c1a004a33a2d72b605ee0c72b.png,
59f0fb3f110e4d95bbad0c1ef3469401158e2356.png,
5a1307ad5b78909eddcde9a26209627c582cc66f.png,
5a1cb79c49872a5c9c5046a0ed11576fe688e3f5.png,
5a2cb4e12ab8a4dd8840dd308a7d43f2e5c20d25.png,
5a2e5c6231b413aaf2e2079f89cf055a2998d6b3.png,
5a574f2860cc5ac3e68e8d6c6a364f891e5c49a1.png,
5a970536b1ba116631a7dd67374bee22ef331b19.png,
5ac64cd47c9047502d73515707610c9a4a57e916.png,
5b275402dc26b364e87527aac284ab6f808e92e5.png,
5b308526042264b9202cbb38fee003af21febe5d.png,
5b56bf1d87db1725dc0c48fe93012b80ed218465.png,
5b82cd302d1cb357f6c2aede612623cd7f5a42fe.png,
5b89b713e813dd50da459a026deb956166d19767.png,
5b9260f513bb20630f07747401b71d265719177b.png,
5c0ad4e1ad83e110750a169255bf58c7ea95db81.png,
5c490024e70bfb4d072230e144962a7dc59ef4a2.png,
5c593f62255584a5ec649551002eac050be7249e.png,
5c62be332300cf8319203b5f1066110ffd4ff4e7.png,
5c658df2cf2cb085ba7bcf214f9dec3feeca06c7.png,
5c6ff9e785bfca5e01b6306af99c17667a035b3b.png,
5c8322df74568382d745ae39f00a884acb896f46.png,
5c84b1416eef0018d1baf9d91fc680b907e9f8f3.png,
5c9d82480e9040e0892ca3880ea6cbc635d93d76.png,
5ca71095cc273e678570e5a3f9e9337da6c439ee.png,
5ce3d138336921327b81fad9fc17a243dad25108.png,
5cf1e411717d59a2bfe3b4f77b08ec1291078758.png,
5d2088d286762820b8c9e2cd3d5e4eb9f3160467.png,
5d88f2eaa94ffcfa105f7eddd5cdc8265812a1bc.png,
5d9a53df693ca98dd6bee53520be04f93f2a5864.png,
5def8fc3cc0d54eafa047edd24f188bb8f27ee5d.png,
5df3774591d8b1225ac8f0e555910087c2fe280a.png,
5dfd8eeaec3a77d43a57117dd9952f6ac8890caf.png,
5e55632e7ffc85973c1ecdd64dd0507805730074.png,
5e705a616e311e9940587957c63d7b5a06a6d206.png,
5e89c850f6b8dc3990a1e0fb64211ad19448db75.png,
5e90ab6977cab4a0c4a2c21e00f04727089365a9.png,
5e974a8de27541c655a7076eded4603bdd42f479.png,
5ea84cdef1c9a179b89b68dcf08b401abb40335c.png,
5eaadf44cbf4d3b5737c485e1409fd2998ed61b5.png,
5eef1b39af39ec7a06937f960b0646706ee02625.png,
5ef0df6c21e66096edb6f82689d59d120f1c6e36.png,
5f2ed3764ba173597b6ae4428ae7c0fd65a70492.png,
5f68e60329e38bb035be1ce7dbfe6a41d8e49a92.png,
5f6d912557d11be32469f8aa6e5abeaf773ce667.png,
5fa3be094ca2318060c5987636f13844f29e37df.png,
5fd8bb4373ea39ed1b5b20b7d81bf3da2f3988ef.png,
5fe2dfe979a792e696e8c42eeefd170840789585.png,
5fe95e3543f30c029e68685b214f6499fb405fcf.png,
5ff00b20829ef3dc4e370360d6b67f5123162034.png,
6001bdae3dbd0a3e42584115f7e63a215fd826dc.png,
605ed1f3182c1f90b47b5630eed01dceec08cd32.png,
60a535b8a4a4d1b1f98ea4f77c35cb80c36a86d0.png,
6101d5d938144755be64dcca183755ed2ad196bc.png,
613ebb2dba564b8b2cd4fc76e4591aa7dfe0803f.png,
614f10e2037cc43c086cfc9128450989c3a3bf35.png,
6150f725c4b19858ac5360d90cba78002824bfe7.png,
6162d7bfa2c923078d7634dd8a17116f53415c8c.png,
61c4f2c2576466d1695bff1eeb43723b745cdb1b.png,
61ef574e44435a62af1abeb6d0ece960e1c9eee1.png,
62058403a3c0a8b23168e4eebeb3924628def7d6.png,
62245b4909d5ca945f6bbcd49fb5fbf202c37b0d.png,
623fbe8ccf02182beba27407a6c81b40482361cb.png,
6268ad00bb04bca61acd67b6087d83057d5e06b8.png,
62ab40a9d4ef4a5a378d8bfb03c713ed55f6a6b9.png,
62b5ba0d0b819f80952a96efdfb4b47b440822ac.png,
62be0193f6c0f8aa5c3caa0e0dfad4bf21859afa.png,
62c4ebb794d7a71e0006c1a85d14ccee9a8fb18f.png,
62e663124b4d66033cf3a25fceb73d24b78cb0fc.png,
63068ee960ed01cdf0e0dc630617098f07ec5331.png,
632ada96b12ebd828f06cf16b9d04185e7711796.png,
634097ac89afc9b88e4f0e5c0d9a0c5cff3b1920.png,
638a5814fa55d3ca03c2ab3ab575312386bf33c2.png,
639655b02bbd78091068a66a76d8d3ca79250cac.png,
63987e05e3afbab5d82d778a202ef01c5514f155.png,
63dd1828924676f36622f222c2e393c2e4823803.png,
63e16dee3e3740f80e49ffe41714e4db7da8a2b4.png,
63f657b9773682afed56fa3740747c20b17c0ada.png,
641e5efc1b9c3c16a3d4d29d7ca9d827a68aaab6.png,
643070e3cc6f35309c07a04fe6aae289143c5793.png,
646c6b8c4c1fbb7356759e10068d0af28fc48928.png,
64a78e3411d12a3a4ff80179b3c9580d47fedcec.png,
64d252da05d07a310cc0b2bc7f2ecd281bb32317.png,
64d8160121cc68bda52e939a8c885f7fe0a90194.png,
64db2f07e4f0fbec8d013adc245e5025383815ed.png,
650806364ec373585f70b4f9f59e4ddf2aca6314.png,
65284dc769baa640ea96f826e82f2fa8ac69ff73.png,
6589f325a07e5a69469f0389b37323bbc6e77222.png,
65b735028e357cc58d7e09e92b745897f66622c2.png,
66229bfba0e3943980b49006ed241bff6ea882ac.png,
6629c2d0b2faf3b9d928e0623f69322c98b71ae7.png,
662b55362544be497188fc4ab843174d3530bfd4.png,
66611904a5f03a52487bfa03e4927994482c0667.png,
6661b6c270dae98f3a4015b930a9d8c5fa317cc3.png,
666cab770ebeb25765a8c491f7e70a42a6951240.png,
66ab30ab21321774bbdad239bf6dc26942e08215.png,
66b98822786d5d93726fd578409b867b1c3ba27c.png,
6715ccfa0be8542a9ef1250710abb58d67cfe9b8.png,
673303e3c7e7a69ab18ee74d296653b28f3fad33.png,
6749d6d5d638e69cbd60f2138f9b993081789c6a.png,
677836abca175612e578a26c1de9b0123b2f5413.png,
6786baa4e20dbad7f52239ec76b3ed6f36803bd1.png,
67e9358a58765fda4348db55e57a8d36b0605d70.png,
68086d73677c0ed34bd8d10c3a2cad76d0ab5f5a.png,
6815b70b660327aa26fecbebc85261a907ffd277.png,
68196f48b51d3ce678830fa5f57cb9d5eabf77ae.png,
681ce0a1fd04a3093409d8858892f34be7bb8bb4.png,
6831a756ced4de451154383243ba9663acb5e4f8.png,
68530176d92ebab8df46b3774e1ca99867e8b73d.png,
685751c79b6e3f1f79ada64930d443d2c22088e0.png,
6862e9f0e5053894c0cc3346a40ac65ccbfcf85d.png,
686c8da8c41a7c9977233258a268b6a3d79ca0e9.png,
6874cd57a4cced56f52a5809316dd8d6f43152bb.png,
6889dbc8790b9e4e9be83aac14d0bead9d430f7a.png,
68a559e389a173d1b2dcc7917f93c73fa162dcb9.png,
68b6af24fd36a732525abaea97ca7037f08f9840.png,
68c1502ff686ff857779647e9631ec79c8e3b174.png,
68d6ab3aac2ebdedc85288554183331d7214296c.png,
68f539504ace6062b9cfdd5ef57675f179915f14.png,
6908596b08e4fb8e721d29b8c440c4c8cef45bac.png,
69153b325780cdb7335f28592d775875ff8418ef.png,
69236d192b9ceee4ed89281824de5680507735d0.png,
693ec8396c2113515d917243b1996f6c03a985d7.png,
6948492a2916585d5017f5e0232f017f619a3dc7.png,
694c1f957a193e702b39c6b32b463a937dbde5c6.png,
69bb4711594b8b1d2c251e014c06aea7347b75cd.png,
6a06ac147750e0a66da3cca8bf20a3dd6c0b2abd.png,
6a1fc3d24a19a98f45b41dde74ccd2b5eab047cb.png,
6a35f7578399efbdfa707e7dec8ad7ffd55463f3.png,
6a81d90b468fab50569c978b5860fbc0bc059929.png,
6a8ee1f1d5f03c5a3e689f63ce6a4289d8b0654a.png,
6a964e5e9c7887301b4112781cf725c5994d0fc6.png,
6afb2aa4f166850f68ccaea02ae7be799693e17c.png,
6b0965575a59e0ba39e969c7366ff92e1950e4e0.png,
6b0f1a1603f0c436b99d8890b3e6d92e2103d220.png,
6b2c95f8449dd11fa9dda98922e68f084a13592d.png,
6b39ad41541c6a3d7c32c0b564590de625c4fddb.png,
6b9531d450e7a5aaa4f498a4fc256c7fc6cbb0fc.png,
6bb0c6944ecb5170180a6bfc5edb21918fa97bd1.png,
6bc4beb238eaf8981bca053e4a15876730e88bef.png,
6bcf1ebf865c2ac14875babd05f4184ee087ce01.png,
6bff28216f9b75b21a28b0dd4c74af3175ed8fe9.png,
6c0da985f31a338ec952073d3cc03f1169999aee.png,
6c1a0cfc220d6d88f724e59b4b135ade3a4cddd9.png,
6c2ee6e51f666b38a7fd0a521495c24a85dc50e3.png,
6c30914f160d60e466bc35fd30ccf58333ea6774.png,
6c4890fde43d6d6b232570b82446087e5d85046e.png,
6c77d952b9612f1574ca279a4e9a221c0ebc180f.png,
6cb547fc26184a3cf789a1128ed3c5e632594463.png,
6cc408f4fe0455d8b8f5f5380fe37633465070f3.png,
6d0fe01ade770143c2dc11adc9eaf8987290f019.png,
6d205d52b93bdf9d1474087b4cf86768e93d8bb4.png,
6d9ec63086c1b43d5245fecd3be58158e6a41704.png,
6dddcba6ec673703682d9ac05b93d4fa724e41ba.png,
6e05eb8b7cdd61cd0674a4cd4bb132bf6dec362d.png,
6e370107e572b14c6c6bed702e442d6ba1cdab50.png,
6e5d56e72bf5349d7ecd810aef7011fb1b397784.png,
6e90272f7a65bbadf67d9173040309bc87f9a02c.png,
6e9c2581d2a588dced26b3d39882b9e2852a4770.png,
6f51e36900291db29deef538f8e10fd51be51970.png,
6f7eb83afeb209672b03bb1640ad796d6e3e25f0.png,
6f8ce8f513fe1880486c12922eb61f2bb8c50976.png,
6fc33b7b5181877fcfa21b4211dccbdb21e1b4a6.png,
6fde884b3f2efdcd7faebec36d3078a4ec555741.png,
7002f3fd345b8de7bd365f319906bee2f780cd87.png,
7042628e50831cb232bd87afa55ebdda4d184178.png,
704ef8fe561f15f745c5d04d3b57c5b8a68f756e.png,
705813637ebf130eaa7b2dc1f2505ca8d7d9ef5c.png,
7070cd92bef534fe2f96a4adc09f61ee48a5536a.png,
70b445ec8503804bfb392129e70a21bf056e7df1.png,
70ea3f8a615e9fbea3f7a98311f22539407e82af.png,
70ede9793c98e243a59401414bd7ca42d51719b5.png,
710a80f84c43b42eec90a8c2b867ca45452cf5cb.png,
71133c917888042bb87df5aef880f77d4e4688de.png,
7114a0781ced78353c2bc5b31ac13cf298737e4f.png,
711a44e4dcbd0e42f7808d16f2ca1feed4396583.png,
711a689a8c31cc2668abbe1c50354d24c27cc0db.png,
7134b055250c9aee70c7cfeaed8cad29c33f4891.png,
71410be24ddfb036126c493a0b3cc09ec87298a8.png,
7143c916bce0ab2f15b248672f0525aee0c56b2a.png,
714c6503b9bf391b24e9a6c9c88ca5e8419aee49.png,
714cdbec297a492833260492acd528cb712868c0.png,
7155d09bdcaa3fca67b64d40f54941da92f251a5.png,
7158d5eeb3d58e9ce4f3d6fa71329921b5598fb6.png,
7191485cb626deb768540110d593b28e70e735a8.png,
71a5378c9aa6848b72adb16d3cc97ee1962b718e.png,
71ad7578cdf49188f6d02f563daacd14df3b962e.png,
71c7cd4d95dfbe2fcd5fbba88eb7ef4878524b06.png,
7210d819911f41f89168962c21592dfc423f79f8.png,
7213354e147ec9109d8fb2cd752417258050f9cb.png,
723c6f6a824c4b2827813b84416fd1af2e0b2cf1.png,
723f851715f0dbccb6cfa976e6f081fbecc62153.png,
727de928e9c58efcfcf897d3e7c49aa649decbae.png,
72852f74aa5a77d4f52b49de37dce41e318d9a32.png,
72927619b4cbb55db121a1948c4a50673531f3c4.png,
72b63e38bb78a6b741d8c6cecda8872d8e614187.png,
72bdfa293dd65f11cfae32f3502514f1be5ce2c6.png,
72cfee15eca33bdf3a84db4fa83283ad7afd199b.png,
72d44b450939b3db36f50dd70b4160a77e6e505f.png,
72f5a9f9aa433381ff0bb55e86a51646a381f79a.png,
7325c49411a20c705def7dee9abdfd10074f845c.png,
734b87f08b5cbd027af82b584dd4756d2fc641d7.png,
738a95de6b4e598690d220be56ee3c616e6682fe.png,
73b29ac90d4535fc126ced4987325d4f3741897b.png,
73ebb69a0bf6a8b4a1de2a7dcfe7ec4f20679d24.png,
742e735fd47a229e326905cb363251be2a0009dc.png,
745bc39c0e0ad99cbb8729602cb06b1ac0f0315f.png,
74622376cbb0b438d18dcc8edc5b6ea83fa5c1d5.png,
746b92b7b2087be78aff3f4c79e1568349a0fdbe.png,
747bf337e9752e5a967e0c5cf9e315f24b1737dc.png,
749d65fd9cce6c020eda0073dc8c0c4817aeaffe.png,
74c88251d08eb2733347081bac142e68c63128aa.png,
74ea90fa9ba9024a14fc68eb2cad4a79a65b270e.png,
74f258971141dd086540dd546996d12804a8d81a.png,
75172aab2988f9a6c4e3d462bbe432aab4e0fcfc.png,
756bb2739649d6d84b2654ec670aba79abaced0c.png,
75e4a3a278857d18b71ecffdbe19447e8273fcb7.png,
75fab2927962850fe9994891755e22be2601d6b2.png,
761191de42160fa303eb7d9b16ef032922a5b4b3.png,
764e7c2c079f3dc3e3c14352a60f2cd63501083c.png,
7659c83cfe809627a4880fffc347936a5ca26ce3.png,
7676e7cbf57f0fb4676d9266c9e2dc5bc59a7604.png,
76970f691111422d241a82436e6f75305a9d34d3.png,
76b8a4c039db595039ca88c814fc6c20fd934111.png,
76cf74514d6218b4a4c5e6bbd9fba625dbf6092d.png,
76d96d60007dfa78d107e5f3bfb5dfc8f53d7d2e.png,
7721098331e003ef3f1b8a987cdbf1dd31a8a9fb.png,
7756b09e2a055269464e843e9b48806842fa3b09.png,
7780859f683643cc7b640e511fc261c7c20a4fd1.png,
779f640c111850b67002bfaa8a1051eb844adb07.png,
77a14a74286a68b16d3a8f9f7dff7b0b404cc8c6.png,
77f238266c0ee20ed95953c65bb7c07f88ff595e.png,
78087b6ba0dbd99ad13043b7ef97ed3ac6208269.png,
7858b77fbe76fe2b0a4fd87fa6de9df58203f639.png,
787b030683451d412087a601d03599cd2c1a3bc6.png,
788a7d32b73f0f9ea5fce99e4cf486f519cf5f28.png,
788ac88c78c8e341f26fafa3b7f1407fb2b1ebc4.png,
78929d64ffeb365d57269bf75b339a30360c8419.png,
78a9cef521a0becc7150ccd736c8fda8b0480172.png,
78adf33ed6edfcbab9ba5c05af8ac4b3bb47e7bb.png,
78c522b5a80798234a0ade8c7024c8fae0650029.png,
78dfe29ed12a47374b3165d158c63a6cb02077af.png,
79be9c706c32b2ceb5577c70e427280c9e80ea7f.png,
79c7b936423b0b882b39ca8d71f49bbb6f903fd2.png,
7a223348ccfb737373c2910bfb55895c37cf97b7.png,
7a4fb366dec9d5f7f912e3bff092c4971680f12c.png,
7a6672fd9c57b43f57f1744f8a234a755efa340b.png,
7a7b7f3e297d7a07667b5c1e02458f3f3096b5b0.png,
7a823fbecda2815816578aa1261d3f959ecf4c6f.png,
7abe31e2b2625d8dc7cb1a9511c7bb8fae3f548f.png,
7abe85ec63f373c4c51c1b2c2aa04fcaf9416e92.png,
7ac82964a1e3be13612b0989d2e6e5ce10d71c21.png,
7acda4ba7c06e3f72e43a062d4d4456bfd010e43.png,
7adbc3c98ff1830cddf34c3cc8a2e8e5f4b245b6.png,
7af457d071b496080d090dbf140d817fbffc04ec.png,
7b0e1a19bf504ee60565f7611ff0e55882a9a34d.png,
7b1ecbfbd81380478f11f2da48388493e0fe8e32.png,
7b5141839aef9a4d5862c4f567c1deaafaa4be54.png,
7b724b4b0148a0634ade58a94457884e016613ce.png,
7b7bc7353e98640fd4201f3ef43cafdfed638104.png,
7b9aa884443b021d38bd6f708a2eb26b9243ee8f.png,
7ba99a69f0e7b25a91a74aa4d2cf513b47fe2c92.png,
7bbe840b7694bf989736d4bda7aaa21f0736c401.png,
7c1713224d4eae4997ce2f2522851eead29b0e51.png,
7c55cbe29563d90363d91f05290cd899975325a7.png,
7c5de4654628412ae63b1e6be14cd82983d9edc8.png,
7c69078dd431eb445dc372d05ed3341b1591fe9c.png,
7c9c0ff4a7b9c1fea717c004218359e66f1d169d.png,
7ca6cac42d6bb4c183424ac730eb7871c5519035.png,
7cb0560a8cf0ef651266b4d1cd4af7fd7db6171e.png,
7cb1d93161a711024d29888ce28c48cf986e2dd4.png,
7cbc0bcb865358eddd08aeedbfb1a1d3556e21f6.png,
7d05f0931d7819769e22e73ecad28ab80bf79742.png,
7d52ba9f7e524ee0fcbf206b860d1597908bd063.png,
7d5c74c04e3a3c8a81a85c155424a5c7ab060bda.png,
7d859e5e10128ff891098d6e7f8e3384f87b9d9a.png,
7e030cb524e95408cff3f644f8d5e4fe3380317c.png,
7e0d99c7aac6b46488cfdf4c82c25de98f5f5587.png,
7e1466eceb15d8345946e467765384193f42fc93.png,
7e24832d2979821495f08328ff4ad0900d91d012.png,
7e275bc7ba0fb04d20c8d6ced04474bb7732094c.png,
7e311e127dccd716a50910540765455c6c2f91f1.png,
7e4889280f9624aa1264d8a139b4d7b78324a93f.png,
7e50c935af6f356ebbf4afdc0ff53d6cfb6a95c3.png,
7eb4acfb55945f4a113f6e10ef2df256ea928f1b.png,
7eb5edcceb46d6e5a04fb9a817b58696cf131ad3.png,
7ebb98667119d3d349b8b3cd4839c790ffc196b4.png,
7f178e6a778bfb2bc2e21b90527414d740903cc9.png,
7f2d7344b30a5e0d38e748b440b612524cc19374.png,
7f32ab2d19c7356f87eafe2b25026562fae5793b.png,
7f67616268c66df6daec842124ff7a0caa1c105a.png,
7f6ef56973c87731c1bb006a8566e85502beb3ff.png,
7f9c2350e6e09545e0fd4654b6ab3eade38f8255.png,
7fa2e597220499c1396f35b3c5d66e2839134fe2.png,
7fc37e3d49eb0e6c0237ce60681eefe03914325e.png,
7ff2d9c4e3445a39daff175e2485740f18ad3763.png,
803f274f02e37e0d9ed829248dd3ee444b4522ed.png,
80470e6f710f8a1e3e6b710cb7b24bb0354a5bdf.png,
805f891635ba726c971e4335a6f662bcbdebc93c.png,
8094f497845e070c162f324cdcfa59f70f8ae6a1.png,
8097ae953398040a115e026a1a86bba3ce0b00c2.png,
80af8e4ba260fdf68cd961d64757ab2fc5ac8eb8.png,
80b0cbce0c86d9eeeff2f86c088619d4a1818812.png,
80ced98ca65a0ddf3b8853574cb9b663c29fbda0.png,
8119810c96bd4c9e63ba3a8e40248a4ddb5a289c.png,
817b42bec9e044acf9034cde5f342eee8bd6bf70.png,
8189c4316d948724e9fe2166890cdb9ab4e2c285.png,
81c727615019b631b313a96d7f2c4cad96b5b2d0.png,
81d2eb7911e2c4eb1bf7855b730c319a3cb4f603.png,
81ff89d3f87ea0cbd10e3f79cb64c089a51eb7b1.png,
820b8d6691e91b773b76dc06f466af56dc6ae70b.png,
823bb7e5ca9274e1967700c3397844e57cfefdcc.png,
823d81e14bd00dfe3767771b7bcd31db987c1b2c.png,
8257719ae2b90038c48f014691c2bfb4406cb689.png,
82582b7802c31bf803888317798763e6ceec6b6d.png,
829db492dd8e95d2333545d4cbd56f027aa8b6ff.png,
82afed6450b20eaeb105674d476e87da2af67214.png,
82bdeb2475b9c3fd8833917cb0fc964de0c01190.png,
82c49b3e508dc495d7d95953c3134adeca392253.png,
82d1203f6481cfb7ad7cfd666bafede57cbe5313.png,
82d1ef2c7f24dd843464dc90fbf715f81896fa2d.png,
82d27ce045aa25075b795750e542db5c73a9aaf1.png,
82de819cf2a931f3bd2b941fbd3471271eab9811.png,
82eeea605aa892be5027490a92d13c547a5cbf09.png,
8300931ffd1a7bb8d69ed8af4fca48aef40b8931.png,
830eb9913041c5611a9493edb7a29211a7be1dc3.png,
833876a618bb7f6436a25bd538cef92c4a096e56.png,
835c5b240b60db9a9dc62a8dd182ab05e6150d1f.png,
838102b2872a9b3c6a17b907723674f8dfb2d83e.png,
83c17e4f544f239853559cb4b772c583661469ed.png,
83c2ebda0b9ec7e9bf0a0e4a303df33f5eac301e.png,
83cfccdc60a734631e88d41f0dadceb39cae19ac.png,
83e954308b93a9251fcdccdf6a36f4e81f5bf86c.png,
84047271f5a48f4cc2f7f0da70334f4b6b11445e.png,
842309c27248d34d1627f57c7d03670189f70b5f.png,
8434d15f034adaf6725a0d0bf181371ff3075d8b.png,
84442b985376e90543fdada72e793e7d122e7a4d.png,
8449967b91f089a0d46f50fed0aead9653234505.png,
845a0fd856993d22cfbb29c95cba922e7b83e397.png,
846252afbd5d21b92485c8dfd1a0010aea41ce56.png,
84fa6ddfd0c2df2a7f9160632e32b2714688dfee.png,
84fb51216c550c01fd96effe9a4a0deb3d090d5a.png,
851b6b9cf100558c4fe5c4131e82629e1ce89d14.png,
852f5a271efba6ffaa00d642889586f2979b2dca.png,
85476318db2478a625fceca81f447cfd9d555b12.png,
85687e0849f812ef6a590f8863b06878f7ac034e.png,
85e141697c6cbcad64fb9854b1dc755e0d7bdf94.png,
85f0f714165ddb01e68519f389fbd7a7d178864b.png,
85f1582c98ed2a4b3e2200a9d8b1acb67ae8d736.png,
8610a91e118080c6dd24003acc8eb35d82c1f2d3.png,
8637bcf40fdf8795498ada0d06ad458f77121d4c.png,
864391d54476070440fe71cd7d2a752324b7bce8.png,
8661b46524360e11c612196df37948acbd929c75.png,
866ca84ef873601ed5027fd6a8300085f501bdfb.png,
86b8b3ae7c70fcb0aad2010fb7ced76fbd65d284.png,
86c2d0a6472eb8288ebbe9ebeaeeae42906d5033.png,
871c8b3953e8066accee68f7df761897a22e1038.png,
873f7c692184bb8ebfeed90ae6def1621d5c1236.png,
877e4723fb57771887d08a875be3967621708d4e.png,
87b2a440053b69815bfca29f4924ff9bdee3636f.png,
87b4b020b8e8d5945019a43437f5a13aa276c5ab.png,
87f69532b00cfeee10ae304571e41889a042e890.png,
87fca1d36c2390833c85ce1868bee013f7ce54dd.png,
881735efe8f60e29db286e09ed96c88990d2102d.png,
884a544ebeaa2abbc9dda7c1b66286de49114e1b.png,
8886d20cd448117559218877703297aab7be39c4.png,
8887b10c9be3d5cb9d512e97855b4cb981a636e1.png,
88af68636874dfbbd55cb210501ea208c0267ec6.png,
88fd39c24a348419245a42f13712c1147534b981.png,
88fe618209de8f9b7b91c7be51ae98e8e0163360.png,
88ffca83d646aa90bb4466f6ef26f0fad7aebb80.png,
89302e847b8a65d38b0edc5fd8bb82f7606fe169.png,
89629874ba95ed8e33d1879994dfbb64ea881cbe.png,
897da2579338d35189fc0e5a77c51a22bc4bb5be.png,
898ab04caa6feaea2c1b562daa54c4f2c9efd75e.png,
89b9ff9e1dbe0c163269801e51c3e5fb832a4708.png,
89cb07864d137530995f0027c32588b8d40067ac.png,
8a3714d9fca1a52eee8d8664c7fcb5e7b973dfde.png,
8a437652f95c446558210660976e61e8ad63d4d6.png,
8a61a0a194783b3767310c645ae3d6fdc6a4364d.png,
8a81edea60dda2bd3f0d3b389c8507f0d997df62.png,
8add6abb27cb00c093a31bc3c8bf1f534e08796a.png,
8b006c4e87c9467c779a1f2e6269a22da449303d.png,
8b153fe2a8eb65fc3ef18ee6fedeca195d00f37c.png,
8b1c28bec12391e2fd299c994fe77e46e915b297.png,
8b629d611945c9774ba5c06a20590e64eb32805c.png,
8b72fc6c7a9b74fa4e4b206cece40e65146956c6.png,
8b7ce7754e8a1976a843ea66856932f3a68082d5.png,
8b9a369e75dd9e63d4375ab051380f8132129932.png,
8bbe7ab590738a2e1be08c8ea982ef39053c2823.png,
8bf70feff50dfd3ad4e7c43ca41d19da1eb40115.png,
8c3ddb2ff49d687f2db63e04a5f197fbe4ead205.png,
8c493f9035a1b06b0f68e1063c7fb56692778b91.png,
8c4e1a1c1f0c6e052baa6c188e654d1526733bc8.png,
8c6dd3ec540d95c537dd3580c263f94c0fe9eba4.png,
8c92fedd6a27257bbb2e6f84ce3c1069879e8dcb.png,
8ca7e11ac1ce46d001f860e6643a6f81839f3a88.png,
8cbd391ffae85abac8cb77833f06227e15f25409.png,
8d1d8015cb45e54c7a019c0ee1005d7669927444.png,
8d48570683928527e81f2eba7a128dc907a5fa6d.png,
8d987cda54bc758b5fcfc73da64bab3fb2503e32.png,
8dd03b6deed3a3ddcd7892a14bcfeaf495d181f0.png,
8de368bbaac70f22acae21b9d00d6ac1782ed5a8.png,
8e09979d91698eb2497eb01982233013bf8c9533.png,
8e4fd93956a51b804d766165832901ab4da19249.png,
8e58537b9920007409978b926a16cee1e8cbc1b5.png,
8e671d9c53f1d0badb48b4ec30c85717e309859b.png,
8e6893d3818c3ae1c8215e80b0d3e183faf08aa6.png,
8e692167a0a1d928a6103eb13fc2db7beebbe8da.png,
8e8e28eea1bb4b94cb684a030b11b38d43ce13f5.png,
8e94fc9e7c51e6da12b9ca8d4d73e1d07d6ae9e3.png,
8ec016ab9fee3666b6f957bf706bc4b35cfc80d9.png,
8ed03abc83225f473a75ae28e62a884bae53872d.png,
8ef3b42fe6a4105c7f85394e42c6e51bddd2a689.png,
8ef5f3d62b0680b5d681bff25b4cc7eef58aa053.png,
8f02ef8c72e82ea1f1bc01424d2d1f4f437f520f.png,
8f14e8d92144f068ca346cbbe5034b96db92f8f3.png,
8f1dd71d9fe2182b6f02324c501f3148491c7950.png,
8f728aa965b2c0b116f0dcdc7ed76faf0c202ecd.png,
8f794adff7b7cef3ae3282ee4a8053b461b4960f.png,
8f96b1303fd2ac78d006582e7de9cfbb10107899.png,
8fe464b85fa2a5f44b39d8fb7b5f0f3e8e9473ad.png,
902f8d598f8e0eccd62f504fa272e0b8bbd4ccfc.png,
9035d049a9e65811a166b173b700216cedb450a0.png,
903faa9e3103483646b3d272c18710d57709de79.png,
904a99278c52aeed925b7705a689a29e6611749b.png,
90f8f8f0c9f2581cf41243d855ff1c1132415a9c.png,
912ae5cd2ac1aa5958d62a3aaa4a9b1309c92b1e.png,
915f19f2bb0e4e125b11517bb150793d5bd68cf8.png,
917c80caf7f4ffd6d2b7312cd376373d9b9a431a.png,
917d7fe945427b1c0513feb20f9d099bda2f5bd7.png,
917e10959860a8234383b0823aa3801f3740b7cd.png,
91d0bd41991bfddfb213486d711a8f5f6129b854.png,
91daa2c323c7886eff5235ba49b7490cba799bd6.png,
922309f026366213b0cf88a52855e41d52474bfb.png,
923f642c67a7153a8f83ad6be4edd618d37afe71.png,
92420c17621a87a5680fb3b7cd710a1b64c5a5cd.png,
9243278bbc067dbf795a97c580dcc2e4b9eaa13c.png,
9257920f0ca28e3088fcaa8c95f02219789d260b.png,
9267e65b0de31fb65aacbb0d69abe3291983a56b.png,
927a0490c51a26258f8927c635cd85a9dc7cd159.png,
929386ea2b01f9fad572b3183447659362d234d9.png,
92a5f6b33a9b97d4cd094ac950deb512780dce29.png,
92ad4d08b6b472b5eb4659823b5aa648114afa5b.png,
92c62aa2186d03fe970d87d9a81d830674a7797e.png,
92dd8a110810a022c609b53304ac465ef1765718.png,
92eb5bd79d15de7fae11ea5a14a9e1b5067ec32d.png,
93133fab5f975cab5dafbbad1f482590c1536641.png,
938b562ceddcb45f32d3f35ea71720b8c86050d1.png,
93a1dd8e566d7981008676511808dde147e95b6c.png,
93a6265c37d566a2fee3284e512f7d96084819be.png,
93a79e6dd9f5dfb35a0175943720f77970112896.png,
93be067ae89661404bef0c5966bfeb73cd3b900e.png,
9406adbd2c71538bbc225c23c1d336f62767c483.png,
94248969a6e0444be31925d0a748b9df002b09d0.png,
9459fc87593c955572cf96c607adca13eca01945.png,
94619bc254ad1e8cfbfe941faf9c01f87f8b83aa.png,
946606af9a3012b0477e8392cc4c05dcdf29ab80.png,
94959fcaaaa66c352275420c1c44c41b49f889e3.png,
94a8dc64ca06f9c7ae45a490826feebfa00f29f3.png,
94e766b3e2e130ff5324a64c9622a2589132bb04.png,
94f692e80b8d9a4c18fcca85d1aff74c75f46cbb.png,
94ffe5a9fde51d73fd602bf9e9bbb043e2f50a72.png,
9515588d5e6294b4d88993a3670a4b84e9fff15e.png,
951a8fe0504f78b5ebdc4c8982f1264a021fc2ed.png,
9562edd7173c4c1eb753fb6ca7f7dacef44bb231.png,
95754f94d96d24eedaaa1ae735e3a0dc3cf41939.png,
9589cb123f77afb9b972757599ed8a68004eeb77.png,
95a536c01b935ff24562c02a9c945ff3b349ffba.png,
95d6b4c840cb08ab6f2e1c732ecc9c42a9e55d1f.png,
95db599492b0d13f9f4d8dbd2fb613cdf515d2d1.png,
95f2215975ab244eacae6b3bd4c78d7f4e39a9c0.png,
960b459eca4943005f5ceedf4f1855192e7c0680.png,
96206dbdfd93660c54914a4d34eb9aff663f803d.png,
96235eb0e90b2e18e0b3e6b2c7938499a5316dae.png,
966718e3a66a13b222bb06f1347b94cb4828a4c3.png,
96a40647fc5f11d223020af2f03cf11188e20c80.png,
96dc95b3d46c79fc944f7eed46955af5133a7d34.png,
971675d342c9cc2a6b24f5238d14dccfed845d51.png,
971dc5f4f43b74ac345ff4732efaeccd6e7dc530.png,
97263838043877bd406f072b2626ecf984e68202.png,
972a118abd8fb142aa34858a169ac539fb7d7b1d.png,
97545eda053591656b566cd0a4e32566304cc89a.png,
97dbf4bd82aec227f132ac16e25c9267e806b0e4.png,
97e85478432f2210a06ee27c99abb638f13c1f8f.png,
97fbee473edd91023dc4f0f8fff298f9b1b199a7.png,
980f984f055f8ab577b6b576bb7237c9adc39f9c.png,
981941d9c76f6ad73856476497997d55e41c66af.png,
9825a36dbeac90c8108f6f68d48a62f3891d84a5.png,
98a45ee29fddb983404f3fb643642f3bf7fd3c1b.png,
99122814682d167bad1bee378f1ba96f6c9bd1f1.png,
992533c76e9f7e2aed7a338a0abaff3ed987a3fc.png,
992679402fb9aac8db937e064bce4fcba08fd594.png,
99274a3d5a8cbf7cdc5cd5dca2db99cdd5f94d95.png,
997933f8fe7ebe153acbccdcda9484e31b1ec535.png,
9990d2c3304e69d61d82fd7bc7edd4417def9afb.png,
99aea9d14994b0ec74e102f94132aeff243eb2f9.png,
99b5b9a4d2d1a382d876e4ea85caf70ec3a09039.png,
99dfd99a93981bb6538a02caf1ad604d159fd368.png,
9a0860bcef0b11a9e33d7055c8c004c25efa6904.png,
9a60712e8d3db50de8dadd9d4df28dfa304bbfed.png,
9b25618fae8da2a34817efd18649ca97fce3ec89.png,
9b27d76015b59687abab0c75e54b53e081260e8a.png,
9b2d5d897c929e7fb559b1ec444626159e36fd96.png,
9b6362cb9b905a6eee2b393503810b681e4690da.png,
9bbef3482890973a174738a094e6fbc75bf16c77.png,
9bc5fd4085213f118ab459d9faaf8df88e17782f.png,
9bcd0e785c3af3567f7bf99263de617bb1aa257c.png,
9bd0c7ce34b3e24a73f008da048fe1c5494d0633.png,
9be84731e4d5145a39bec2551d33bc7ae98ad6ce.png,
9bef61355fe1609e9f8b61cdd0e4fafac1b58a2e.png,
9c162c7169a8d627d5faaa018149d16c7bcb3586.png,
9c20e497ed11713900d5ac6aa62feaecc4a799ff.png,
9c2579e9a29b248fa12489e7251e36d2181eaf75.png,
9c7f6156ad60f667564f71b0d22d54b3f0fa3ce9.png,
9c9e128d8e440ab3add075fe10d37bea341b7423.png,
9d002330fd1e6c74aa5d5107c07786307b068cc7.png,
9d3aa2c1411367c1ef6b3e3210172526ef185234.png,
9d4df6beec2517145ed11800b58f3adc2c0c999d.png,
9d61bd73134148f095219fb8834c4af9d99db611.png,
9d6ea446369433c4d48b7db877c138e2d1c80da1.png,
9d7cb6e56f1d00f30938568363c0f3dc255e7184.png,
9d84599ca3e222cac326ea8a85c6484a54d75a67.png,
9d9c959355db560d8f2ff907e9f200f19663c7ad.png,
9da031fbf73b1460408b996896f1f91fd8062b44.png,
9da92b3db404346ec2c234fec07bb49ade334676.png,
9dbce26fce0a28062b043d572f255d7ac2f6aec7.png,
9dcc8e3336e793e82ca6426b157f23c21de3012d.png,
9ddc44ddd704632bf77fa062674741f2fac7418d.png,
9dfa4fc37846ac61720ce04d94cdaa19f395df9c.png,
9e3ab7a4103d7473e59e2e5823fc86e1bb6d5020.png,
9e51e4796afc5b03a2622f080ad20411500ba663.png,
9e7a33bddab22937546ed3318b8547ef56bbf87e.png,
9e80920d9e9a20b49d94cff9e77c524475191725.png,
9eb393d43e79a0e383140263ee203a28011e5993.png,
9f5b863623c53d58bc3a36990f7232d92ecab4f5.png,
9f9b6919be75577ee97bef83dd865e986d7901c0.png,
9f9d1c541757ec6afccdd0af440e1215fdc33795.png,
9fa7ee4dfadcd062acbfc31480ce46bdef33cec4.png,
9faeb8771958e4bc0ccfc6443ebef94bab4eca0f.png,
9fca4c23fda3b1e66246f8af212ce13221f34d69.png,
a00688166816ed7dcaeda4f913119cbd780da330.png,
a02f8adaa5c8d7105ee400d1f643429d98c6e038.png,
a03458c06331779e87151b2dd4baa9daeb83fe00.png,
a05c43353a1da8bee98e92369361a17e65b59bc0.png,
a0f11d62bbd654816897cdb220b3c7cff2ac49f5.png,
a15289cb7cffe92f1df3d925f256491214ad4e4d.png,
a18277df6f5d257be200e58569d6946707063010.png,
a18734fd222582b9ee694a439a4d6a2e586e7f9c.png,
a1878d3b70360ec186b8ca21ae3c023381380097.png,
a1b8edc83d767ec466da9c02c83e1fc5ad12d521.png,
a2125a5c90fc6ec603531425ce024fbd53c1e908.png,
a268ded73e49de86884eb7d24dc6d3e64978cc37.png,
a2d416002fee22a195a0b7c140bb2f3707aac88c.png,
a2e8337441fdfb2539e40c42ae5ac773d85d8749.png,
a304580a053b5ee6346c16a6858a82e3a8f8fcf6.png,
a350d8ba7fcb7e89676a106cf2e4ad2d775fa84b.png,
a3a276cebc30f372005635633432f0267dea1268.png,
a3ab35325bd62ed6a309da40e4fde48b36117452.png,
a3ada29de20918f69dc7818ef31533d5a2c0c597.png,
a3b8af89c2fe2bb12e9aca26d46875ffaf1b5371.png,
a3d40b09517d9dbf33aa01823fef5d465fc32b80.png,
a3e65d91fc90ffeee086454f11a1b129d785593c.png,
a3ef011b26e30c9fbb72b5ba29e24750931b30f9.png,
a430de72259eb5decd9e9010e45c20fb0d4c5a79.png,
a431bf22596bd127a456b78356a3a7c2ccc19a71.png,
a44c63f0363129dc26a1f995d80f4256c08df7ca.png,
a44ffc33a022c5fa6261f3378eb8328e35f6972c.png,
a4b149b60f5a582806346475d10c34fb4bf9a75b.png,
a4e4942a05efc4d93c7f1438cf00b59195659b74.png,
a51189ff4ab85bfb99f242f05c62109cbaa6da33.png,
a517d70882aa4dd19efc3a3b57acc9fc1601ce3f.png,
a52e78eabb783258c536abcf32f7c9b05a838122.png,
a542654684b2fa74c47e90a70684923affe93007.png,
a5a7cf451166f4ba4e58dfb17e2c6a812ea28358.png,
a5c05b451cf153cd82ea627f36eace758bdb54d2.png,
a5eddef42dbc9428570edd95eeed3cde2bc55641.png,
a5fb1004c2be5d6473bf37823cecbbc11dabcf97.png,
a608f5cc4d7492224b42b5d8ffdb25e8b8060e3f.png,
a613f8191aa64d2655b3979455ad9a7ea2b39987.png,
a615b4d87f37f03593a7678cde612054c3cabd82.png,
a6410bcabe06231edcb1da6464a4633a631056bc.png,
a668ba301a6e54d934b52de8dd1d7c8a24f55a9c.png,
a67e0d79dee64d94acf632fc54fd4a715331d7b7.png,
a69eb1517877cb8f60f5e6293c4345ee4b1b36a4.png,
a6c162c701351f0336ff1b986f6076a68f35f72b.png,
a6c1ee8c753f076486c53f70e6c23db8cedf3f2c.png,
a6cdfb5d129c4b592197823a54175e134bbcaeb1.png,
a73cf4d1499b13544b040b35f8d26478e93c6d64.png,
a7854ff5919c9f4a837e1f653584afbbc629ec5b.png,
a7a8ff53bbaf84bbbde293639e819ea0faced4e5.png,
a7b5d25c31d8f691cf1205afe38c8d97bebab0a3.png,
a7cbc90b2d2c5ce7b07fbcd3b755b26848b6607c.png,
a7f4c5f8b012841b65fd71ab87a1035482f98cd8.png,
a7fd116c4ebb76e495342feda6041abd6d8c74b1.png,
a88d6b56875d2e652288aace9a7265041030924e.png,
a89d3ec1741945a49b31612ebb978d731ce6435b.png,
a8b3381d1f48d1ba6a9e82c3324eb4d73360854a.png,
a8be203966ce930c1dc84c24c4ad4bb298ebd3a5.png,
a8c968c0eabbeb921d410962cd870964ae8b47d9.png,
a8ce4baf8def54194c002dac2a5439c2acbd712e.png,
a8ef1e3faf1623957b43f0833df46c5d1091eab3.png,
a8fea4814310c447cd6b2133788f50ae8d17a543.png,
a915b2bea8f567336b96d29b9b7edbd3769791c0.png,
a9184a36b11ed0343564967634d194cdd16223a2.png,
a95a9162ee385a857c8ff2f48b02da3283535841.png,
a9877085b01b46d2db9705686fd39a936ada5b7a.png,
a9c69cd85ab681a23eb3eb4fa84c552c3c9d95d0.png,
a9dc73bc7dec28fbaf41f018550f01d080361bd5.png,
aa0b4de84bef0d7c9ef25a0fcfac62ee3eae93bd.png,
aa41af3737a417b72278124a55d0c4d1417570b0.png,
aa4890d39f0e21a901d8d3aed559c355150796b8.png,
aa6b16c51bb34ea07c4c07a56bffb290ccdf143d.png,
aa748d56b90990b3e7b92f36904bf60cc8a2a04f.png,
aa8711d1792f1fe0752e4bc3ea0d26c7d6aacf8b.png,
aad28a491001b294793505236ca0034af49165b8.png,
aafd7c9f08125bc67e14937ad02ca9d999eb1c7a.png,
ab2ed80769f30c42a8281321fab7b611a0851efd.png,
ab3f98e273829f1991ad9db5a252e2f361176d8c.png,
ab5d0df7563c283d700acb561a9b51f0cf8d3cc3.png,
ab6b412d6da40d012621f55c9f63b3940670140d.png,
abacd5f68e11d22a3bfb21003b65987207e97fb7.png,
abbc35478c7d517d588cafd4400d11f69a788521.png,
abd3ca4881328a3fc673e19f00ef7dbaa788faae.png,
ac677a6a1cdc42a3d2a42fe332b6887746c4f1e6.png,
ac7bbc82e1b2842dc15c8e1f9d72e2dcdfbc1eb1.png,
ac8d701d1c929ff6fd62ab47e12f8b1b001286d9.png,
ac94f23a5f00b560966f1264ed8fbce94101c45d.png,
ac956de79c2b56fad8add2a8a951f6594b8b4af1.png,
aca33e1edaf89ca49ec3808cee63148e11d3df02.png,
accd36b0550bd26f2fed791ae8adf778522229ac.png,
acd2ff29e359417d7c0ae0f70a25cd2c7510ee16.png,
ad24af9bce8d3167e1fdd97a2c38ffb7440ae3a0.png,
ad2f947ef3a46547a2a77bbfba0f59075ab74fbe.png,
ad3a3ef4396070de75f17b56b520aff0129a5785.png,
ad4d74961daa0428e1b4c348d51a9f52fae51ce9.png,
ad7c0f51a0bb2e555b342380a2bdcaddea888f23.png,
ad806879a43405dc37dac3b0b4321861df4aeaed.png,
ad9b5f9b09d3f3dc38bb9a16722e4c112de5ebe5.png,
adb76b78917d1753395200fe653bd4ceabbcafe5.png,
add030c4b4100c813b7a54e070923e0581868e4d.png,
add2bd506feeace1a85567de7bcd16319112836f.png,
addb97e23f9485fe082e79c5e22d9f4acac6b853.png,
ade3d8b389770325fb90dd8f228ba79bc208ebb4.png,
adea9270df5d58c9843838e630453e9a2c435e79.png,
ae00729867559aae525cad55402df5dda549064a.png,
ae091717eb354d5cdf9ac68d52a85284d2109bb5.png,
ae2362d1f52905201d71d0182ab7e821cc5a8977.png,
ae35b5aabe2a308a563cbecac9f3b6e5a7ab3eb5.png,
ae3fe0c7e1e0b9750379d30b39fab4b4f64beeda.png,
ae552e22e197c53cbf9fe070265af79ec7928958.png,
ae60d0c1464f3c650cf425554c8967a2d148bb84.png,
ae61fe68e410092c5f0664b906ebdf99ce85cf85.png,
aea6309a3e5cc0a3ca42cc2b0ae4bc90647da73a.png,
aee316f16eb7199c3f8fab10848c4ea413eca1b5.png,
af2b5e97d1e810b2e948494bcb8a4569c422362a.png,
af78a4a127801a52d46239f2e8a11ff6646a598d.png,
af86df0a6a36d987ca369d26f5ebb301efaaefbc.png,
af95ce68caec0470c63bfffdc37b09265576ebd8.png,
afa48934300702c3bdb8baa0d1414c74b582e019.png,
afae149a0d56adac88b43987a4bea42633621acc.png,
afc23826f17700c9927189ad5924cffed036e402.png,
afd43ee7f327a3ee0bb14a43ae2066dab3d82797.png,
afe42cb3c076021e0e6287a069c5fcbf339daeb0.png,
aff40738f9262a7e4a164cf88ac17ddbb4d8bbef.png,
b00915914708a3ff3470e207d4910e39de3e1984.png,
b00d932dc8f675799ea5917f67d41929f0d23fe7.png,
b01c2fb909ddb08f7bae87151427e3ee2da674de.png,
b01d2bf1be31d63a2b27b727d060ac05809430e3.png,
b034b7b0ebdec90c39f9832db2e93e4923aef946.png,
b04567a19c39ee5b6ce28f8d2f6805f09439df5b.png,
b055d80fef2fbc39ca7210cdb7c88bcc836886c9.png,
b08cce238c1080cc0506356917b2cf2654f8c183.png,
b0bdd0ecf242b782b3e3d5cd6002dd077e9b8413.png,
b0cabb1e29d3581e844332872b0fd58ed896ebfc.png,
b0d54e93ddee035139e9e1a36ad34570ef7a5e8b.png,
b0db8307329f3aa2a3e70b114ceb79adb8379a0a.png,
b1300d036d70d8683a08f5d29d9f0e4da82811bc.png,
b173fea4ba559114b81192763faaa27bd41e0b9d.png,
b1980f1c7c617cfbd16a2abda5b57f5db739bc8b.png,
b1ba7aa6b9dc32287d232fe2fdfa44eccfdd3960.png,
b1c282178d58df7efdb2d406b207c027d35f04da.png,
b1f0f71abed0ba8d8ecfee3dad03304bf1f276ed.png,
b2022c02438902e7e31bbeec271a0b0a49e60c79.png,
b26399c94e7b522ac4e50e91ca88c92b9334449e.png,
b26536303911ddc7b35aa0ab2c6c4b5b2f88de22.png,
b265598a614deafa295238af267446dd72f01774.png,
b2655dc19198c0e6d18d72bd24dd1ee2d6f8ccb8.png,
b291ee63a4be08d70c34249d88241f885f43f9fa.png,
b2b62af9c44a73736a95642f7ad0a7632cfd3ddc.png,
b2ed8c7b0c9a07b5c0115a9540ac25f3ccd7e874.png,
b308a405cdccc2b80f7f3dec2192b4e0038bfa0b.png,
b332b2098e15e4ad43c42b919b7d242791dc0dca.png,
b337b7f0c3ea1df0f0bb3d9dadc9d4939ba388fa.png,
b35c29a4b08503378b707103542680f21ed36b51.png,
b37ed8d10af8c41074ac67c0b4b9087088e9fa6c.png,
b3a1bf5749d3eba1545da165fe828bdb225c93e7.png,
b3df042e6910617a29beb5afc85e41b960dbc3eb.png,
b3f0cb1018f1b29b032ca7bd118a95e7c7deb0b1.png,
b410356f52f09cadd4b926eb8939f1913c5a033e.png,
b4383f9e26771ed64be1f3d5dbc6dc684c18f165.png,
b4413f75e1df8322217672e5d5a4f58c4487c7e2.png,
b457b740a7336a015e33a4ab8f7a424ecd9acc04.png,
b48097bb4cb42623edeb18477496a4012af83287.png,
b49d175dc8a4234e79bd018207ab5c0b7fbf30c6.png,
b4a8e2d78e923cdc81bee49d8063ae7d692858a8.png,
b4be2c2e2a2ea438565f5e879dcea02a9c7964d6.png,
b4c6aaa8647f0daebfc2740844b68ff1cb3b224f.png,
b4c90cdceb0e8c47ca8138c2496bc78f9227c30c.png,
b4d09ff5be1063f5b07e25650f01d24fa98b8183.png,
b4db3842b2fcdc60ec3a480aeae6086ecf13d317.png,
b4e57dab9763017c88957c24f5359645c9467ec5.png,
b5972a8a665618caa0db7b20a4ce1df8b5948cc1.png,
b598ae75865378568817636370412751e903cd47.png,
b5a794f72abf01a8ceb9f652d717a97d801f3f4a.png,
b5abdf20d4cfc41296d99ba4950202bd735554a0.png,
b5b10cb6de92eeb79e3414661186ce83976d1032.png,
b5d4c3354f471f3620ade67e860b23b02515aab3.png,
b5d78cc31f2de402c6dd2b02b661b3caa80898e6.png,
b602d738720c523aa3e68dc64138154d8e00a613.png,
b61b666c2332a6c14a02fe5bb709fe7633aa1a63.png,
b625cb0846cf2423e1263d088781f50535e4ed31.png,
b62aa558bb9486ba862baf41f9e505c1e27e42c9.png,
b6357f7800eaef15f71caa11252eff42a66b325b.png,
b65209d7c43469a37997a2125ae4e707f5f6930d.png,
b685eb16639edd2f9bdd3804858b3938bcd49567.png,
b69f8e5484fff66165801fe0e414366ba25c4c5f.png,
b6b490fac15172ce22061da9943ba0c39a3bd6dd.png,
b6f1af7a821df133a005d51ba5f1e0f9df115ba9.png,
b6fb7565f6fde683490d057d5225f553c60b15bc.png,
b7065eaa497f9aabca6489edb07387565445819f.png,
b71758080b2549b9b43c22ef8071cf1b33d434e1.png,
b752f4057762dad5779408be9483910b6880089e.png,
b75b96915989b4ee9686f4a8e68bb2564dd24e8e.png,
b78d1f60ece25af8c8c04cadf70c3eaa66227f34.png,
b78f0c4ddc8854b22417ec1e9e07771aa42ef5fe.png,
b7d669d635e63c46a3c2723287c18ae4b6163fe3.png,
b7ed959cef078083b1bff61add447cb7ac67e371.png,
b7f31f194a53b00a85796ded9f64a538df45afeb.png,
b8373cdc10fb4910541f519050a4fea25e287647.png,
b86701d26debf30004945cf49977a3b1f51f226e.png,
b868ff00b21b43cc8135225e40a2f9bf8822c20a.png,
b8783a94379b923413bff2df6e97ddb6d1cc82a2.png,
b88ffa0f2d8071cae838211275acc05a331b5076.png,
b8afeca5138ad040bc4ac2afe43f856f2a8cace5.png,
b8cd269484a52336d14b78a2526e36a2f27fafd4.png,
b8d39ce66a9fc5f6df88e4ed34dae8cd5024636a.png,
b8dfc4514dcb5195606a9207185da11342678623.png,
b907b7f10903f9b9ef8d6061d1b5111779a27d59.png,
b92e621f3223b0c724f2c45130fcaf81d762ad1f.png,
b9356313eae012bdd511735d121c6c37f2269261.png,
b94f83b99c00684b80f63e72beaa63bb4e1932f6.png,
b97dc70cff6117d1d4714e68daadb7db9a8ef382.png,
b98acb06bc84a627ce13cfbbe2b26a4fba5d01be.png,
b9a4638d29e58b197c65ac7783638f0975bbfbd6.png,
b9df08bd19c85c843675ebb6d6e64649c45fd8ba.png,
ba557a070f79818cee96e8b2c19fcbfe863797af.png,
ba7406b633e83e15c72f77c7ecfa773648cbbf3a.png,
bac1cac086737662e1481072264c48c2c7799586.png,
bad5d89096e93b8c909afbf4f466d7ed47a37010.png,
bae4535cbee50aa9c98c8c59eafaacc6bde4512f.png,
bafa336a9aec2a55373b33222657be2b4ac55670.png,
bb37a1204477b158827bb564ae1daccd14d54313.png,
bb4ad6aba5a6740da9819bc35cb933f3895b5d37.png,
bb4ba2097be611cc87bada61dd057e3a4740c996.png,
bb634ad4a52e795bb69830a918d7d406623d40ca.png,
bb6ac647f7a68bd9a204359a32c672c4e7b2fcbe.png,
bb745d0f0b31dca38c04173bc9db9d5fa93b65ab.png,
bbbe1c44c1081afb684ff0b1ba41c39139a312b8.png,
bc1e816cf57d84cc6aecf364857f2ea41d7bb75a.png,
bc266719333e8db3ca191e1669c54f50447d8b10.png,
bc316c80f70fc2e0ff2711d84f7aa06f50ba9c51.png,
bc39d64c27ffb04f6c6fd332be34f6605030fee5.png,
bc61a3cdb9411180c3899b741e8ee6727fa61f5e.png,
bc7c5ceb81908b20b2166626b179c1b2b17f5887.png,
bcae8bc36e69043f7011111735d6c48049e9b505.png,
bcef7605d88251c7b544639669a11c20ce58047a.png,
bcfee650e8ef6448fd245a661e4695a28e6625d8.png,
bd1587f1c937f60159638be52e186dee82792cad.png,
bdae5047f318d0f2d2f02d69a5ef32343384a49d.png,
bdb029a2cae3cbf11a150e0e533ce800d9b6b222.png,
bdd388aeae4d8a13da22db41e6660e55fcfde6b8.png,
bdde80b2ba3cd6e8c11d243b34abf9849592b05f.png,
bde2e973b1d918d710708d144c7228265d78d445.png,
bdf4c565d4dbf736b022e19e7c8682c125e32d4b.png,
be06e430944361be9d563e2f06a128b4ff14f561.png,
be50c303d253d45d72b915eb6536278e401741e5.png,
be51e64e6a9af659d23b429657630b9d9e2aea77.png,
be5ec399ade753ea237c83fec1c4de8b3184416a.png,
be7e18a7ef6f3ef1057ab1566708d11bd75db381.png,
be8a100652dde0aac81b971d4c2753d86b2d1322.png,
be8f4e6e29052ac4c7d79f3de5b9f62450fd1cd4.png,
be9178f212e4bdfa88cbd2209ae9618c8141e326.png,
bec5b29d69031ec3389bcc4407f6a703b305d84e.png,
bed289db2f3e70f669f56ada20c99d72e5a7712a.png,
bf0cee28d54716d634fbad7d9b76f8c6395585d5.png,
bf1fefad92a00b999f92efd7b0324cde5b4b5085.png,
bf3d7063893e0307f851c03424ab16e6d3494117.png,
bf9263ca3f7aab6357f7807b7dbeeec292fb763b.png,
bfa62b9232caaff966198f86b28b92196244a6a5.png,
bfafc8830fd069f0c573d33b79a5bf4e8e7d0f44.png,
bffc6f9e151b2b159dafa910df6f5e93b3077a81.png,
c002242b6db85f1c0cf345967501fab52cffa93f.png,
c0233b1700a15c653aa26f1987ba60249174fc9b.png,
c03c3b8a13d60decc41f967420cbc3da0b852325.png,
c04e49bdba8e0e9451d91507850fd7cbe617d802.png,
c06ee0c4c67e7fb164fd7f10bf73f6815872f798.png,
c072696f5345a73bf13d5b946dd2771d15f9c226.png,
c075540c0e0a9dacaf2efc7c883bc561ef711882.png,
c0b4753bc634e1b3b726ce0fd98c9120053e7c01.png,
c0cff75c04a48eb3daa5d4eaa26e7003beb2d143.png,
c0e5224954b304bd4d30750a6b06fd9be63107ad.png,
c0ecab0e02c86d085cff9ec922dd57b0ace7da3d.png,
c0f7f76a7652f5dc00a2be1730cdd424863cb2c9.png,
c12b44ade1c8530371fa34479b4d6375a7f76e9f.png,
c13added9d68e36a28905d0411af2032ce21ba33.png,
c16a61a2db7977648aa1dad2fdf78a6c34529a2f.png,
c16e41a7db03bb6e8c0567ef06bd994545064587.png,
c1afb01c1983a86c82c40d7d162209c1f75ba833.png,
c1f3a672471705da4812b16d79ff2fbf4f483b2e.png,
c215a6bbf3988d56ab2c51e7ccb85d85ba7aa5a4.png,
c2266fdb0ec38033cdfb9f333794680821c0a153.png,
c228f5c23939721edc40e762ceb6f32e49f95c7c.png,
c268040f7a2ca26072ce0303bd2258a0376e9200.png,
c28b0dafb85383d33035d89288837ca50fe50225.png,
c2ce17e3231710b8bad2a93ccdcd14296cf61753.png,
c2f5232195791cf01ed6d74d73185ae1d1a44d34.png,
c305123af500dc76472e8fcabf4e418ead13421d.png,
c343e4ce4c7850579bff9b6314ceeee65c649cfe.png,
c34912085e67efd30b0cb2f25610291d788a607b.png,
c34ce5d30a9e4d60c67af876c96485943b57a336.png,
c35899f31faef1877bdd199988f5464b2d43f220.png,
c38d57291e3b41d22df93fdb208975c419302591.png,
c39df263d4c632be171f10b1c26a02191a6d870c.png,
c3cbb96e9f133316a1b70aa5c08854b3019c2c85.png,
c3cd1f25e7d47910069b7a1daf3556b6c3ec68ba.png,
c3db68996b6ad34e10ae179ae1af26b75abb3ec1.png,
c3ed74c2c7d73488c339523ad55dc2221c55e78f.png,
c41eb7394e7fdfd7f1b03332d2c519d3f1b4638a.png,
c4796712a9de135c7162fc0d2e47e9b7ec642764.png,
c4908373e87400081b8d45b851f8766bb0e058e6.png,
c494b199e5521f86a74ffb7624ee4bdf2e390ad9.png,
c4c5514b9e1ef1c989eeb125eb472047771cb16d.png,
c4ca3b1f98cb9cbbf1ab8b9916a34d8806934b99.png,
c4d591b2731472c59f2e6d3d81b5d0539bd5c84c.png,
c4fa95e0b3b4eb5f371db2ae885c3b100181427d.png,
c50198f64ba6ad8611b9c7680019534de45115a3.png,
c53be212d4b6317bde0534740551b98cc9040a8e.png,
c56032fcae37a4679b2756ed6038a7e268b106b6.png,
c571b1e819c905f1e9135104ef9caa7fd78fabfe.png,
c5749499bc3f2585992011cfbf09c2de87377e41.png,
c583ac2091d28851c8724685629ca8a878d7da9e.png,
c5bfebd970bd34c4052698a355280736007a9f81.png,
c5ecc0f546509b571907d02ddc2a6b120b487e74.png,
c603d4fe00673ff1d970b814f7dd03d56e3cead9.png,
c60e30eb5f5cd6a1b47ae718ad0341539e172c42.png,
c6aa0b1bf5d86d48f43c2a866d2957d9e1460d03.png,
c6df3cbe71bf7afad6b42d28d18a4b1744f1d61d.png,
c6f0bd1bf580c6d16aa82dacd1089e25135208cc.png,
c6fa2dec6c9870b5d303405d246df001048b839a.png,
c743085419e387f904ab819ebfe098270a099219.png,
c76ecca01836877edd683f08ffe51025d7130fa4.png,
c78c77003e1e83654cb92cac0c003ddfb7feda3b.png,
c7af76f77dcad80fbc3800aa8881ec4e9ed4cef5.png,
c7b6eaaa9443f6e952e23ca3e34347d8adc19650.png,
c7c972ca4e65f0f7b4d62f4763329d74c889ea07.png,
c8150f92cdc9f5b8929550083df737e62ab1651e.png,
c81c95dec40d7db8613fa9b15ce72957ed4198f5.png,
c8353fa91c03ab49efd8ed40ed80027427802bca.png,
c84bd10f41a648cd2ceb12c4c6578516924bda13.png,
c84e392606e23297215f5b48b7df6893953286a0.png,
c85f0176b386d8ea0f0f597645c1483611839d20.png,
c8a881ed58aa9d0b07b434558c895b8f2ef84776.png,
c8b1b47ed14a6e45442d7cd5c8353314e097f4a1.png,
c8be0f094912ccb641a613e4d8bd3a0b70026a32.png,
c8c912031cfd3a06ff6c586ad0d017dbf623360f.png,
c8ef68d9afc6913a542a6be5de93ebcc70e51d4a.png,
c9320c14c6cbc77e0e9c97a893691cb85ee8d9b3.png,
c96d8fec4f54d611df1689e19df5b53fd2521265.png,
c9dfa8e0a4cb1487602cc78cb305caaadebf0547.png,
c9e0b64be0caf01e374f09448f9efe02c44e6b1c.png,
c9ed86fb80cd46ea83168a1a10da9bc8bd8ba4c1.png,
ca37b4c326e255e008d196caf34e277a773b791b.png,
ca3ca6a3b8ec142b58553da8ea4d22e25784c956.png,
ca95ce91fe895143ded50ae9aecde4bee4d90f66.png,
cab7708c2f73b7808a823a206cc15ed25dbd6bc1.png,
cac0974d9312cc42b21203b0e2af39b97d71977f.png,
cafa816c48be614b342b3f8c8ae8f2af1f22098d.png,
cb15d26dedc9b05183acccfb5f52f45dba87c393.png,
cb1e5494f26e90a7b7892bb1e8ab275b13443581.png,
cb2be7d1ff8a9fbfe2362649213f397389f6ec59.png,
cb670bcc1d127042f6506736954ddd7d6d986952.png,
cb7a0f8747b6068039fdeba7c5d47f1e5d001e24.png,
cb8bddca5f396cee69dd4c94c2466756fd4bab74.png,
cb9ec037e0abf901d0c1e887c48ae68b051e69d7.png,
cc0e717c84294445578114b8ac733940f874a238.png,
cc472e30c0d6ae73ce60c584a771eaab42cd6ed9.png,
cc4af307c6c01454784120e9c457aebda9ba2ffb.png,
cc5bdc257ec03373a6d847dd2f656b0af9bf7b9b.png,
cc6384ef6ff1e36863935bfa4a9c5e2abee2e219.png,
ccac6e81f5ac8d601832caab32f627219a9710b7.png,
cd031e4c63c45ec99eccefc616512a7baf7be962.png,
cd1a63f28ddcedcc13168dcad0233bdef7c44d94.png,
cd3ddec967a259a0a24e9a1efae180a1681b1ede.png,
cd524ebb3f5c1291c421495fd693b1e13a81dd89.png,
cd874448987db01a0512bdd7649e48ceef9ae5f8.png,
cdad0a5f256a1b0e7f6cb51ddd086cd07ff16d98.png,
cdc8cab08e0758e49c6c5c59047c14cacd24dc54.png,
cdda808b7a67a4fbd30d712ff033e5a9b3166784.png,
cdfbc23474231eb484c5f6ce3811ec68130b151a.png,
ce0f17073177cedee490c07bd3b16d24165e89f3.png,
ce28eea0dc05378dc33c5f8cbb23630869df118b.png,
cec57c40703d185cdc58c9c20c531bb26dcf9f8a.png,
cec6f20317b26943b49d898f2954f02d73cd0d71.png,
cef923d8dcdd3b456eeee4670764b780236f2e9a.png,
cf2a7285c1e5f46845c5e862892a1a2df18f67e3.png,
cf4b7c39b827263492a7773f9c382de6197e4d82.png,
cf4e99b3ee5b0c8636287cba66218611bb06e66b.png,
cfab2dfc23ce5fdef860ab7a53e314f52d4c20b0.png,
cfe896dd4508af35d68422212bc6006e39de4025.png,
d00311075eae8fdb9e43d1dac42fa6a0cd46cab3.png,
d0034db3ee0e904518c6ca3a491eb9ae76ef90f1.png,
d01e83ce752253488bfb8318505e3c6364eda13d.png,
d036175485efc9dde74f8e6b0ac5c1e6a182237b.png,
d04d61eaf0223cd10daf55d0765f73d1961eba94.png,
d079382313464bb44bf1982c2f445de501591646.png,
d0cd882bb05d976573d67056ecc3d4ed3a45558e.png,
d0e1aaf8837e039569d28b820ad54daea5774bed.png,
d106256cc59865ae5b56698da1ab2f908e9c2a91.png,
d109718cc8319c0cec3923fb802751a55dc7947d.png,
d11cd19ab07342c32f26f32a70e7685b2e621c7c.png,
d11f86ebd1b5b8d44a06e12d64105de30cebf373.png,
d1327ecb9c18317c6989e6a05c9cbb8428484060.png,
d1a6649b952f907d391557d267c25dfe1695b884.png,
d1b3aa4813724b8bfa13e61027b41855fe61475e.png,
d1b80ad2e8a46675149969cf28dd4e0a70797fd8.png,
d1e71c8a9cf319352d54a051ed3031d8535e4b30.png,
d1efca7cc7ee96172691356d831bb41fea19a38f.png,
d25a00bbd37c5a0319be8c7f0095121be93b7660.png,
d272d1bac7e49be602c843a722b9581de31d19e3.png,
d27f6d07bf04d07c1b60049d88ce004c4aa493a6.png,
d2b7af867287be185aa97b1448c5994272ad74c6.png,
d2b9ffaa41952448beb27f1c8ce726829ba8f0d3.png,
d2ba62899b8c2d7e9de7f8dd0f23396ddf350851.png,
d2bc125836564c08e2eaa7a165ef67777488f00b.png,
d2e6d4339920ef38a6cca3ac8ee99c43e3f27556.png,
d304567fb17c8ce189ae176c1fe0ae1c53930330.png,
d32a8e90506cdd5ceae0bc180b1fef463205a9c0.png,
d32c7197c28a7de41edc56074ad61608ae3e7233.png,
d34272154b642fdc26ac2ea4cef528e24f05de91.png,
d36f90c7ada3d9ab5336211e86d5b2b16472601b.png,
d3b7cf7443ab8d2e6b6782812c4dfae57b1f6fe9.png,
d3e7b1261fd6ce91907f750412cc4e1e97eb8492.png,
d403a1ef5e11cd7ac1de8b44dbfe98532ac74073.png,
d4161e5f72f7e7e9b3323295bcd827946e9498e5.png,
d41770d165716ebab9810a4d26cbdd88390f195f.png,
d41dbce64fa779ecca6455c0148f423bb172d632.png,
d42a9c633775a94bbe22167022924aa88ce3f289.png,
d44a684544c54f05bcb211f256beb4733bed09c2.png,
d47d654d3d805ff537fcddc443c1869ef7fe6589.png,
d4952198852b7e5f543f100ab9eef42844b344ab.png,
d4d48d272132ad3b6d92e2700b91f66188d2def6.png,
d51618bdc7527579d92aa51ba2867318b8f9d666.png,
d517e714fea1c01ce1c8188aba8ecc4ef8e8d205.png,
d51cf0c1e3aa7693c9ee7e5420e1e6da8c80dfb9.png,
d53029bd59fe8c4c6dbc0357a48766c489a333e8.png,
d57a5571bf42e6c57c2c3bf62c9095a8fee9e778.png,
d5c3d5055c53d8bf4437000e2d6a028379423554.png,
d615767ef06634a92dcfce4f96b5de30414d317a.png,
d62a4277f6008a40d1d12b61cc4bf33a6aac2ce1.png,
d65cb2f13d8635ffc2786f66e0aac308a31870be.png,
d68a21705232f8507650cbc8627f5c215a02d50b.png,
d6b2dd178f77ed041fc292cef92f8bcd351471e3.png,
d6b88940e550c45d77c801c08fe0350e037731d0.png,
d6c2f31bb047f03d030290ee7f1e4dc504195fc9.png,
d6f30d87639b909af797433abc6980243addfc92.png,
d6f62b712aafa89a14a4019818641d31690b8c23.png,
d6fe742909ca4061d36e267b7c2c3cf50ab57183.png,
d76ba61a0fe589abe4680d8a633a25d9cd21cc45.png,
d76db63ee741907308fb3cc7a1519bd802185d93.png,
d7bc110beb7e87a1309186fab6acac73d507cbb8.png,
d7e4c322b979b95c6a60d9bb59f6d8eabd3e86ee.png,
d7ef029aa358cca96971dfef698a2d7901d9b6c8.png,
d7fe696dc962bd12ec8ffbebe4652b98615f491d.png,
d81587044d1f18a71de24781e10c61d8d8937a6b.png,
d869f256959cb2e16339db8dd69ec0293aa28b24.png,
d877db8b84425141f32b0e71efc65eaf109695d1.png,
d87dcad062ea0f34871439271aa7248045404033.png,
d881c2bcd47e958172d2419cc1243065a3baf3b8.png,
d88b416740ac5ef75f7cae38e53555e3cdbcb74b.png,
d89ad022ba07aa2ed06d18e3fcffaf29b0189788.png,
d8a200cfc30dea233adb17e48a61105c3e955770.png,
d8a98df376eed9358e580bffe5446221dbc2828b.png,
d8b61d6541f3785b9d1e9a0e0485a7ea326d7849.png,
d8b6ed919273a39a9c6820d531d3afb8586d3385.png,
d8e788d68ca558440a8b67090a91dd1b6f29ac28.png,
d91ab87f872f2dab926560a7edcae9b357b92ad5.png,
d949ed0492f5a150e3e80de2ae25332e3ef03b85.png,
d96011b51a2a1e2302e3d0659ce498ec2c6c4a2a.png,
d98e25aa4fe7d83c05cc5270c920276d48adae53.png,
d9d466d798b29c5b25b94faf7df8ed3f2a266494.png,
d9f7104bebcc7583114f3945cac0643335ade741.png,
da237898998a261ed583b098d9aad2e0326f8100.png,
da35f196b783eec14b9b93fcb9a0626170f049e9.png,
da3dbe6d918d2925eecf41aa4d30edd601b4984d.png,
da4277e6567df551797e615d7d73b72c9fb7bdd3.png,
da5733e88897a3a1a2f3201d18e0b74e063ffbe2.png,
da61d118f9b3023fe729f6c72b1879eb86e3ac9a.png,
da79c8fa9af1e771417a3143918920d491553744.png,
daa5ddaa651237e083f7be7afe0ce17ffaf661a8.png,
dabca84c9bac5fcc5d1abc7e7437b80fa5cd574e.png,
dad1d6aff71cc02d47e369b10247d318f608c797.png,
dafeb862a14769267576f32773e8f44ff77c24b0.png,
db26cfc7bebb06450680576c1ebf9fd45a2e0e7c.png,
db28acabd637d72d23d9742c55eed4bf616a20bf.png,
db5425d0cc8b14f26cc245273522ff9a65f51d58.png,
db7372bddccbf6f6ec46fc8ca7c6b779f844d5a2.png,
dbe1b480e790e15d6d914a82557cb2ac69ef6ef5.png,
dc913a7a1a4f7c61c11107456895b3ee9b84961b.png,
dcc365a2bb47109f457c94f53e65565611909248.png,
dcdc5c12b4950459ef8fcd35e7bd191e8abb75fc.png,
dce593fce61c95c7e09b20da87b7db0da18506d8.png,
dcf533124850b4bc915cb273e343afea297b830c.png,
dcff2a2ff0ada3f4c9ff2bbb04ce95ba9d477a0f.png,
dd716dc85ebb526d395a27595439f46e89e2a9b8.png,
dda002397e54c7c3f9e5052ee321a29a2e0410e9.png,
dda2ccb3b9d4d7f0bd071cf3a5661f34346ce4cb.png,
ddacc7bc88814f62a81ecdefd234f8487d8b4963.png,
ddd43eb3221481efb251f65341154a1d15cd1e78.png,
dde653cf6f59ff04ef058485263209a86c52ceb8.png,
de02b0ef2febc375b38feaf9def27c817154534b.png,
de589621ed34bab066aa9fd74c03e503112b09f8.png,
de5f86ac6ec029a6412d6fa7d86ea089a9fa6dc9.png,
de7a811a4defdeca7821a818f01f095001b658f0.png,
dedfd390821575b861e91edd554442ecaf86f3cd.png,
defa0932756e11fa1726ba034b05318b07569cc3.png,
defa95236cb0ff543111ec524b51c17551e3bf43.png,
df3f7501f0924f400deac17c2b460734db4801cb.png,
df3fc2ff56086f6c14adade5de154bb1d2671df6.png,
dfc6271ea256eb01f25efc2b21a7d765d888a4d9.png,
dfc9e86a19bb48797c41ee6e74047e79d2ed629a.png,
dfdac8855eb04227ee9faace653bd15872093bf9.png,
dff0da563a84ea113ea5f924fe019f9b5e84b4d7.png,
dffa5c9530dd329654110af253042a620db33d85.png,
e02a8806379b063c07f434004c4aa9e3b38f4cfd.png,
e05d592d60bef28552048ae190b15fa6a0ad1c59.png,
e05d7d4ca99e5b6c6b070de40f0d9238187fb595.png,
e06230af7ccbbf15afbc6fec0aac318f733b9eca.png,
e069b214a9113b0fd14f5bf9ebd8f2d23728c212.png,
e0911b8782cc425da7d3a3ced33cb241efd2b69c.png,
e0a6c9c4140781b3ef879edc83745cd291221fce.png,
e0bfd9da0ab9e9a780d3035e3cc61b4a2414b264.png,
e125836ffaf7ec930f57b8c210ad8c8fc6cbdd4d.png,
e1296a23ee55a904a235519578023343616bd712.png,
e15760815b05b4aa0efa5bd6e611031eeb6ad9a3.png,
e162cc9de99716838425b4089cd9845fb799ceb2.png,
e1750b5cad9bcff363e7f577968b58fcb2eb0abc.png,
e17919fcef537557f144e4d979df10541254aea6.png,
e185fd7a2d3f2b8baca9625c85a4ddf21026b61f.png,
e1afd4ea4b84ff625e05bdd82cf35633fb35b9bb.png,
e20324a42de56940e472b2eaf24d10e27d6c8880.png,
e204f0e65c7b179f39d54819bdd3dbf1b4b86c4b.png,
e20e2f200bdb87010e64a23186fc5f8d86938955.png,
e2189cd812d201a60cea5639467cb4fba183137c.png,
e22f444c533b4df601f6678b12b5d17787ded66e.png,
e232928b5688e461385215edf35472c96de13bc9.png,
e26508afadbb19597e1ea92af00d8b5ea3a8be30.png,
e28d2dc252c678176b14b4aae4bf118876e2e590.png,
e2c770bd5b59aeebce5f6e2b7dcecfad7046a5f4.png,
e2dc64c6e3eaa895096e732b24d7f43970945e2a.png,
e2e3cd3a6fc91819a55c1113a4521233c2e20311.png,
e2e6c00b1b6ddda1ca21a1b4ea0ef44c1cf74a3b.png,
e3052ebd6f673d200138626fa270a7892fe6fc86.png,
e39d9b78dec68f3cd220ce2c4de5a905aac22b2d.png,
e3bb8e02f1df3a22f2d92214d0a047e5e313f087.png,
e405600829c4871c98efce0c9ea06c85cd47cb80.png,
e406bda6a469a61f0c911149a0f1742d0fcb3003.png,
e40d823cd18a058d1c9bbb9c51a8fc230801f1ef.png,
e41aa5f64657231007def38cde4eb9a58428d011.png,
e4a0356044b6b96e16b5d92fe9f79caa13cbd59d.png,
e4b91e8c083636839ba081d93c32764f33a07483.png,
e4bae90331d2e412d82ae80df09fe631569f46ba.png,
e4dc723f2e736a23fe8c548ff9f2b826271e03c6.png,
e4dd65890eae2c439ff479d863aa19eb6adcf306.png,
e4e1f14dd23212bceb7085540416406d1f343a61.png,
e4ec262a342cad4fc35d6e1628e3a563e0d73342.png,
e4ec3cef6a1565f1f4b0ff0efe2838af2971035f.png,
e5076759c063eac8eb3bbcedd6dad8a2b1ff218d.png,
e5084f718feef1a957c1812776735d40f3d1e934.png,
e5167386b890fc3e8a1d5c42cf88272e47c7aff8.png,
e599624aa2cf2e7743ea12e33ad3bba486e25bd6.png,
e5a8d417a5f1a377956d869633d99c0a254adf63.png,
e5d3f3aa011044f9aac67afdb1e4f2ac3b93e440.png,
e5e144aeb88343d291920ff69b24e1d079236658.png,
e5f646a220e02757931dd39dcc5315470c5b9d29.png,
e5f64cce766e3f10af5d91b780aff781ecbbf776.png,
e6494cb17fcdde9de22c99629d7490b4932007cd.png,
e656994d699db7209379c8d727562f147a23a409.png,
e6588de59e4cacfffc6b3a007fa4682f6f9e9d18.png,
e65d915edc335bfae9beb886b3430ae2079f2b3f.png,
e6a304063142b3d32ffe3c69419fe424a5cca587.png,
e6ce7f0863e23233174e3f59397aaef6b14d199b.png,
e6f65e782e170d904f95e75b4f16d28a0e2e5d7d.png,
e6fe0ae8c78d6b6db000c9c9e7c49f4b4aa23c00.png,
e71fbfa03b8525d757c1c1c6c1969fb6429e1880.png,
e74f49744bdcb41a4988276ef8efef16c0921442.png,
e75679b0994e1047d3661c97d44a5acf4120c861.png,
e80a7c65ce4da7005d3cdcc62a3c0b95d23822cd.png,
e80acb28df927c072b9a85ca5ebcb2ad436d31eb.png,
e84c7173a90d706cafa7038ab17964e499e14729.png,
e86019f67f325cd7f310120f7775d0f0ea188ea7.png,
e87dd44b3d25a08c8107b596d2f668d6d425c79c.png,
e88a72f72ec24fbfcad73a781337a62281f38721.png,
e88afb8560265110edcb63ed59fd0ae454831731.png,
e8a1eac32d00b5fb6f47dc0ff9db2cd828f9c709.png,
e8aba841d03e5e9a31501ac5fb2fa00b037e6a91.png,
e8c4d27290f951195edcbe4731747f3b6226b753.png,
e8eb1f35f5fc71d92b6ebe647105f3037dc77171.png,
e8f1c9e04ea249bbbd4aa6fcb31192ea44985cad.png,
e9068e871cf622f047bb7da9728e28888defd4d1.png,
e923cb9e0b326a1f8df1dcd112a37c771f731520.png,
e9352908dc1f215a3af5d55d04fdb71210fdbea9.png,
e950fabe9f348f23786114a73a58ba5fa1d78091.png,
e964bd05267d5b8c3e34c69936f000cff4d48cf8.png,
e9f5b3c9c28095ed419ad095740a536684aae0b5.png,
ea052f9b7e48766a820ef8ec15da4a0a87f820fe.png,
ea0f4633241cf3a841ba2aff465638506fcd8f3c.png,
ea291c5620ad28118cd4bec179005e0b7a8b8845.png,
eab47b0ad3241c04435f4bac1c784f0844421e12.png,
eadf4fc3da8c847671bbb379b03c5ab147c4a6af.png,
eafc1d4cd5aaa7f998b4357e279c9980da0af328.png,
eb10ed022e5042014ca2fdab4e26410b7be212a8.png,
eb3bd01156555e205861a13d9c920e5b7051e1a1.png,
eb3e3e66310f015a55dbb47fe15ef9787645ee22.png,
eb402cc3e97dafb38288e3c700f16891ac27637c.png,
eb4ac27e317d1f67b93d9526107de62d3449dd52.png,
eb961181efc4ff59eb345e21ed1d91b51a3e4bfd.png,
eb996c8296c37a09650ca1337f98b14b462a0850.png,
ebb88d01929eec739d267093678fc5e18e73f305.png,
ec1017c9055fa555a8426354d6dc8a083524b462.png,
ec3104899495a9bc87dac7be9edf81a7c7b99c53.png,
ecae7144a0b1265b2689e93ca13bba28e4a6dca0.png,
ecd1fa0cd54d966b9e3d7f492d5171c5fe108344.png,
ecdc48ece13fd15868a44be72794b5c8e65c2757.png,
ececbe17a40a22999ef6293fda39f60a1e145870.png,
ecfa230e55d2dffc5d3b42754fae2da5eb211c0e.png,
ed061665d301cf48966f745d9bc9b07566cc8d38.png,
ed100e22088f6014c50100a8f3cb96dd84ee0659.png,
edce704e38009c50d38208ec2c09820f1cf1a7e5.png,
edf7202d94b1f5411988277d832f38e4e022aec6.png,
ee09f04c442941b2292d87a43132bfb32f7df2b1.png,
ee0ab85d33cc4526a45bf4298c76e8038d6e19ed.png,
ee18697af8749af0e23eada7447b327bb41fc448.png,
ee1ca7c0eb146fd133ae9b0a72cf28d05214f0d6.png,
ee4e629e0722ee18cee3b8a010645b1ec5600773.png,
ee81d300acedd3ca70ef6a0485c21b9e427e24e4.png,
eedd7fcababbd1f1ded6392caecff87f47c2633e.png,
ef029325bfebca0a7f2c4718fb12ec1df8654407.png,
ef03c1ecb9fb3656f9d12d23e799f8ceec072a93.png,
ef6567632417d9ceb66db3716df942ffc28cb604.png,
ef6953c4b3bae3c9a8535b1dc26cc492c1ba9f2b.png,
ef8e58eabffd6caa47dcd1097b499efb731d0097.png,
ef9db248e2e0b588e41bbabc9cb32f8e6571fdd1.png,
efb98322ddf335c815efc4b97091400261900419.png,
efd83efe289ad9f26491cde0ae14c17b82821894.png,
efe125b86b3b6ee78ffccb4b902fba9dfebc97f6.png,
efe5ae178a1e00814b7af29fed426c68d75cc013.png,
efec8756b6de4a0eee9b0a0317093fa7c5dc823e.png,
f02d4520e5e69a9fdc7b037ae8e09320a673f9ea.png,
f02f708bcb4dad16b5a266a425f0dd67d8d060cb.png,
f0654f6dc771e39a8a1692f70e5d3880c43ea65c.png,
f0825336424f3a2eaeff4295f4bcc9a86bedee4a.png,
f0912a96af1b84c0a10828ad06eef902ef8b125f.png,
f098452a7673c57dfdadcc2fe8d5821d37a71678.png,
f0b47f7e9e4905fa4508846b62ce03077901475f.png,
f0b4ae5818be3a110bd69b9d248c624f4b758887.png,
f0bdc10c6d64e40de9e61bb6fb8436933da7ce5c.png,
f0c346d24a5b67f5c22e0887272611c23b830d59.png,
f0e2d826bf81e50635f37b54eb90dc816b38bf37.png,
f0fbd611dc66e11eafaad01f7d47234feccb6212.png,
f103daa816e65fd1a7d5cbf049d96a3c3c188da1.png,
f104dcda356129d2d89f31c4174e16139e907876.png,
f18c4c54e81675dd92290ad36feef853bcdc9601.png,
f18f67b2d303a45b54fa61b3d26a4275b6b683e9.png,
f1a067ecf2a4cdb7277929457f1c6ea4a4175906.png,
f1bc8b37aa5ada9758e62378f3878024a76fcae9.png,
f1e8ff521a9c6c2099db80e434ba2d893c48e619.png,
f21a5e4bf8b1aa61c9b091944cd7aa5dfbdb3880.png,
f22136abedec82f19f0639b0615e915c449b0e04.png,
f22f3f901e91cb94475c2c553ab19c42fca05954.png,
f27cd77dfc21aac6934037191497c53f5868f9c8.png,
f2880646e74a2a02fbaa028338b8037bc9f80922.png,
f28c1a68d518dd28c5cb172ae0d537cd7e1edd81.png,
f2b8dd3def67fce02f58ddeb455e3306ff3a533b.png,
f2d1c10d195166c9caccfacc35fca5356a989458.png,
f2d324c9f7248e59acb9dc81dd3bcd07c048ca70.png,
f32ff50d25db40e145d0b0b6cf4a6020451cdce8.png,
f336979643d6645e37ecb0c27b8afb9231be00d6.png,
f33a5004b189f8c77ce9651d8803692df3d80e99.png,
f3481f34e94d60bc29c7ec535d0c4a421b00bbd9.png,
f394328c4f3799585a3140fd5955bacc9ad4c70c.png,
f3a3d39730293cd8847969ebe2b8fe034045d4c1.png,
f3a8b5b803ee895d1f1c33ee7c9cad78098c6110.png,
f3abb0f3aeefba4528d8885b7283643144888c9f.png,
f3c1dcd9f23e46de1eaae65360f75a3597904e93.png,
f3eea0812ce5f1731c239bd074db1de7c0bb3907.png,
f3f9b21d056c0e6ebd58d5f4384517a8bf3f11ef.png,
f40253a18ef352700acde4f5e4d7adaa262087ca.png,
f41f41dee9a798783e5efca79df992c352bd66ba.png,
f4441ca961874c901a0f981ad04f3ebd4d043281.png,
f4558ae52c6aa66586501a0d3ea6526b29c96472.png,
f4612555b5791e8fe5f5824784c8ebbd1e3f7f66.png,
f46559608327e23d4a57bc8522d92db162dd0b8c.png,
f4790c708002babbb1c77a8c024bcc3cb88baddf.png,
f49613232eac57afcce31fcb13ac3a02c5a2fbb0.png,
f4a3aa4f16c53a66f53acbeef313c84ac6376902.png,
f4d1bb6a5cc85445758eb4efa1f9821f9685cec3.png,
f4db0d784f9213f0d4973eb2d31f61345939c2b9.png,
f4e6958b890609f187223e293c8fc4e63d765455.png,
f54d63d15d22bf4f037454edfd7a418d88a6ae83.png,
f559e203c3d58f96014df132049a3937b04713cc.png,
f575e65508d835f03e80f06fc47c1e3af57aef73.png,
f579092ab7b5d35cc4fdd60596e3891c5d85ed8f.png,
f57c6fab8bea0430ad92a1b6bb9598b6ac8f2aa0.png,
f5b4c9c855b73dfa9bc5182921467ecc7d4ac258.png,
f5fb6e6876ea22358e53f116be57f94d05d22f8b.png,
f5fc27e2a8d76efc102caaf19f64ae4db6054291.png,
f603de31e0bb8e827f4449ca44c42893abfc4645.png,
f654b2ced05dfbce9c3786025e99d89372e8e913.png,
f6a0b5556334b1adf39f53c6b4811db4884aa07a.png,
f6b0a7ed0601df231b3a9bd27f0df23bb425c17b.png,
f6b4b013bb097d5741660b296eef8f2ca13d0187.png,
f6e781228dbdd8c639fdc7a1b70316f5d26453c0.png,
f7b48bbb3fb00ae0d336ebdcb17f6c783e13369d.png,
f7d3f3152f998e2209120b746c1bda358709f33c.png,
f7e481c8357e98258886047cfdf6e56b4f7b9140.png,
f80b596e91275013e6df497a82ca33d4bc159dff.png,
f838f1158f1cdd22d0ff44af8b8870f63446d0ac.png,
f84827736d6810f4926f8e3f97edb2dbb8cca71a.png,
f8dbd749c1b913e9ecca35c0fb6b0c17969c837b.png,
f8dbfdbd7b9fb0c2c24ad15eeb1134898fd11d17.png,
f8ef66531206280f6fde8df4c662fe0bd0ab0519.png,
f9302116e86788335ccb5d7cb03fbc74baeea207.png,
f9351840df31658555624e1c36264a1aaa0b59ff.png,
f94e18bc284bd310a5043b74aea32b654dfe5ba7.png,
f96571d824f5134b72c5f2311259d4aad67906eb.png,
f98f7d3a38245a29a31b791daa7f0a42b3930b12.png,
f99f0a1b2849a4df1c6cd58682093b7fe7741f60.png,
f9b89fd6d95271c00e8313e5d99e13a0dab9d4bb.png,
f9d4afbec3e4783aa8a1b9dabe1e5eb48f502a40.png,
fa02130d9e572fc690793a848f67692ea88c6b43.png,
fa95d86a59c0ccca4016efb94a42dadbf65726cf.png,
fb19830422ff0b6f16532579bf14aef10a6ae826.png,
fb30855848347f89dd62468625c7566bc082b266.png,
fb34fcbb84b9a6ba63e29ffdbdde050ba02b782a.png,
fb935eebeba3ec022ca1d82ca208e4c98031a9ec.png,
fb9393a287885f633982695f1b7bfc02e3e4a4ff.png,
fba0e182b76cf77a05c856b134ccead349b5ccf9.png,
fbc3d19277daaff40aa7fc015731334a7f71b916.png,
fbe02682005830667057b1a373177a8cc07a3927.png,
fbf0c1701e70107af69a041deaff398c7f28f33c.png,
fbf185a6baf3f4fa49a15a684e75aaffb33ac836.png,
fc12a901a24fe793c98ae4fbd84dba0d9e2cbd2c.png,
fc3bcc703f47d71ae8a645c853c08b7972e77d3d.png,
fc4f24520e157576e73e91efef8d16a13f345e29.png,
fc6323d4ae1350977d411f53751a5e7483030319.png,
fc69fad23712f14b6a401f2c5fbc1d85c7cad47c.png,
fcc348cc6cd4937525ecd39a9b6f8e85a74b4231.png,
fccbc0ee645c1b06a79bf2b6cc0cb2a4192ace78.png,
fce2741f65e60a90c68b7a58e463ea512b031028.png,
fcf85fa885e9caada858314370bd82f039274bc5.png,
fd15dfe838665261624a2c3d62fc18905bd266a1.png,
fd1640d7d38002cb44bab8b5c976cdd0e7a65c4c.png,
fd2a4698d9d1fff1e6ff0aa35aff2c660aad0f88.png,
fda02c4e7ac48d42613e3e710a88605fe7b515be.png,
fda288f66ab59fc3f0541204438d22e170a6cea2.png,
fdb3e6ba61a1f0005ece63c00ae117038ec80e60.png,
fdc6b1bf2643360e69a032ee9bbc41f81c0c39ac.png,
fdd2fd42da672bb3de5c98a14d397ed50121df44.png,
fddca0c5f851728f34ec810f5f1e89ddd8f72b25.png,
fde122518bf63bba1bc38b3daf4179e29111e669.png,
fe01654f5531671e2acf2a412b497939e0c05e13.png,
fe11339786d235f6846652b9ae6908a982c81311.png,
fe32f9894580401c5675e1623241ab41e981cf78.png,
fe439b3edc502d06a1811c88d7b43f374f7fe314.png,
fe4f8388d0ba81b8d6eaa501b5eb6df744d7219e.png,
fe55ca4ebfea7674acf5a8f30239c77a71e14a32.png,
fe6200a5444cdba825b40b8b686360acdaf7e74b.png,
fe6f068cd073f75c2b3afa3af33d21f64152bbf6.png,
fea43c4ee89e112bfa075d1f1a3bd67fed1cb19a.png,
fefa5942abebd15cddc16e295f99ac240985f73b.png,
ff40eff9062728caac26d70f7ea9067b69638568.png,
ff7bbdfbe3fb82692750014d1ff453bf5781106b.png,
ff7c8458ccf5ad7672be57a1eb509e8429e9e056.png,
ff811dc163e5b2bd689d95617d399e6c56023759.png,
ff9eefffb4885a2e0db61634548594007e58db04.png,
ffa8ba9e4b951bd8e3e36de1e8e0c5121a5df687.png,
ffac611d5d8a02966b6f10b21bd9797d8bf5db4a.png,
ffc06578980e1eff968831967af946d1c6befcc9.png,
ffcb510435ae9a72efc68a3c41205200561aff7d.png,
ffd91a8ddc62675768b234697c0063b12c15e053.png,
